﻿<panel>
	<!-- Main content always shown -->
	<attachment_group class="vertical_arrange" vertical_alignment="top,extend" vertical_gap="2"/>

	<!-- TITLE 
	<widget class="text" auto_size="all" style="semi_bold" font="title" size="large" colour="text">
		<translation id="text" type="new" value="Supporter Profile[COMMENT:AREA: Club vision; SUB - AREA: Supporter profile panel FR - BN: FM-3272; TONE: Formal; CHARLIMIT: None; REF - ID: n/a; NOTE: Supporters profile title text.]" />	
	</widget> -->

	<!-- SUB TITLE -->
	<widget class="text" id="sptx" display_format="1" auto_size="all" colour="faded text"/>

	<container>
		<attachment_group class="vertical_arrange" vertical_alignment="top,extend" vertical_gap="16"/>

		<!-- SUPPORTER PERCENTAGE -->
		<container class="supporter_percentage_panel" id="spcp" pitch_inset="36,36,40,36"/>

		<widget class="horizontal_subtle_divider" height="2"/>

				<container class="supporter_stats_panel" id="sstp" />


	</container>
</panel>