<panel>
	<container id="SUBP" class="title_link_box">
		<layout class="stick_to_sides_attachment" alignment="all" apply_to_children="true" inset="0"/>
		<layout class="stick_to_sides_attachment" alignment="all" inset="2,0,0,0"/>
	</container>
	
	<record id="default_properties" late_loading="true"/>

	<!-- SUPPORTER PROFILE -->
	<container class="supporter_profile_panel" id="supp" file="club/tcs/fm24/overview/history/supporter profile panel">
		<translation id="title" translation_id="320609" type="use"/>
	</container>

	<!-- SUPPORTER PROFILE -->
	<container class="supporter_profile_panel" id="fitb" file="nonel">
		<translation id="title" translation_id="557714" type="use"/>
		<layout class="stick_to_sides_attachment" apply_to_children="true"/>

		<container class="vertical_adaptive_container" gap="8">

			<container default_height="-1">
				<layout class="stick_to_sides_attachment" apply_to_children="true"/>
			
				<container class="scrolling_box">
					<container>
	<attachment_group class="vertical_arrange_autosize"/>
	
						<widget class="table" id="ritb" layout="-2, -1, -1" mode="fill_rows, stripe_rows" auto_size_rows="false" fixed_size_rows="true" row_height="26" auto_size="vertical">
							<list id="headings">
								<record>
									<integer id="index" value="0"/>
									<translation id="text" translation_id="323297" type="use" value="Club[COMMENT: Person table type name]"/>
								</record>
								<record>
									<integer id="index" value="1"/>
									<translation id="text" type="new" value="Rivalry[COMMENT:AREA: Club vision; SUB - AREA: Supporter profile panel FR - BN: FM-3272; TONE: Formal; CHARLIMIT: None; REF - ID: n/a; NOTE: Column title string for rivalry.]"/>
								</record>
								<record>
									<integer id="index" value="2"/>
									<translation id="text" translation_id="330386" type="use" value="Reason[COMMENT: the reason why a relationship exists]"/>
								</record>
							</list>
							<list id="column_table_properties">
								<record>
									<integer id="index" value="0"/>
									<record id="widget_info">
										<symbol id="class" value="club_button"/>
									</record>
								</record>
								<record>
									<integer id="index" value="1"/>
								</record>
								<record>
									<integer id="index" value="2"/>
								</record>
							</list>
							<list id="column_widget_properties">
								<record alignment="centre_y,left">
									<integer id="index" value="0"/>
								</record>
								<record alignment="centre_y,left">
									<integer id="index" value="1"/>
								</record>
								<record alignment="centre_y,left">
									<integer id="index" value="2"/>
								</record>
							</list>
						</widget>
					</container>
				</container>
			</container>
			
			<!-- FINANCES -->
			<container class="tcs_table" default_height="200">
				<attachment_group class="vertical_arrange" vertical_alignment="top,extend"/>
		
				<container>
					<attachment_group class="horizontal_arrange_vertical_autosize" horizontal_gap="8"/>

					<widget class="picture" file="icons/custom/vision/objectives/finance" scale_picture="true" keep_aspect_ratio="true" image_alignment="centre" height="20" width="20" red_replacement="text" blue_replacement="bg">
						<layout class="centre_in_parent_attachment" alignment="vertical"/>
					</widget>

					<widget class="link_button" section="tfin" appearance="buttons/text/button" font="title" colour="text" alignment="left, centre_y" auto_size="all">
						<translation id="text" translation_id="316566" type="use" value="Finances[COMMENT: Link to club finances]"/>
					</widget>
				</container>
		
				<widget class="table" id="fitb" layout="-2, -1, -1" mode="fill_rows, stripe_rows" auto_size_rows="true" fixed_size_rows="false" auto_size="vertical" height="200">
					<list id="headings">
						<record>
							<integer id="index" value="0"/>
							<translation id="text" translation_id="557717" type="use" value="Source[COMMENT:AREA: Club vision; SUB - AREA: Supporter profile panel FR - BN: FM-3272; TONE: Formal; CHARLIMIT: None; REF - ID: n/a; NOTE: Column title string for finances source.]"/>
						</record>
						<record>
							<integer id="index" value="1"/>
							<translation id="text" translation_id="247210" type="use" value="This Month"/>
						</record>
						<record>
							<integer id="index" value="2"/>
							<translation id="text" translation_id="247211" type="use" value="Last Month"/>
						</record>
					</list>
					<list id="column_table_properties">
						<record>
							<integer id="index" value="0"/>
						</record>
						<record>
							<integer id="index" value="1"/>
							<record id="widget_info">
								<symbol id="class" value="cash_cell"/>
								<integer id="cash_round_style" value="10"/>
							</record>
						</record>
						<record>
							<integer id="index" value="2"/>
							<record id="widget_info">
								<symbol id="class" value="cash_cell"/>
								<integer id="cash_round_style" value="10"/>
							</record>
						</record>
					</list>
					<list id="column_widget_properties">
						<record alignment="centre_y,left">
							<integer id="index" value="0"/>
						</record>
						<record alignment="centre_y,left">
							<integer id="index" value="1"/>
						</record>
						<record alignment="centre_y,left">
							<integer id="index" value="2"/>
						</record>
					</list>
				</widget>
			</container>
	
			
		</container>

	</container>
	
</panel>