<!-- THIS PANEL IS WHAT DISPLAYS ON THE TOP RIGHT OF THE CLUB OVERVIEW. -->
<!-- IT ESSENTIALLY MIMICKS A NORMAL CLUB OVERVIEW STAFF PANEL, EXCEPT WE JUST USE THE MANAGER AS THATS ALL THAT IS NECCESARY FOR NOW. -->
<!-- @@@ TOM NOTE — POTENTIALLY HAVE IT CYCLE THROUGH CHIEF SCOUT, HOYD ETC. -->
<panel>
	<layout class="stick_to_sides_attachment" alignment="all" inset="0" apply_to_children="true"/>
	<boolean id="should_force_refresh" value="true"/>

	<!-- IF MANAGER IS AT CLUB -->
	<container id="manC">
	
		<layout class="stick_to_sides_attachment" alignment="all" inset="0" apply_to_children="true"/>
		<widget class="person_snapshot_club_overview_panel" id="mana" player="false" file="club/tcs/fm24/overview/staff/snapshots/manager">
			<record id="object_property" get_property="TMnR" set_property="objt"/>
		</widget>
	</container>

	<!-- NO MANAGER -->
	<container id="nomC">
		<layout class="stick_to_sides_attachment" alignment="all" inset="0" apply_to_children="true"/>

		<widget class="object_action_button" id="oabt" action_id="TCpJ">
			<record id="object_property" get_property="objt" set_property="objt"/>
		</widget>
	</container>
</panel>