<panel>
	<layout class="stick_to_sides_attachment" alignment="all" inset="0" apply_to_children="true"/>
	
	<widget class="club_overview_stadium_panel" id="clst" file="club/tcs/fm24/overview/stadium/info">
		<record id="object_property">
			<list id="get_properties">
				<record>
					<integer id="get_property" value="TsHA"/>
					<integer id="set_property" value="Shwn"/>
					<boolean id="dont_set_object" value="true"/>
				</record>
				<record>
					<integer id="get_property" value="objt"/>
					<integer id="set_property" value="Cclu"/>
					<boolean id="dont_set_object" value="true"/>
				</record>
				<record>
					<integer id="get_property" value="Tsre"/>
					<integer id="set_property" value="objt"/>
					<boolean id="dont_set_hint" value="true"/>
				</record>
			</list>
		</record>
	</widget>

	<!-- NO STADIUM INFO -->
	<widget class="text" id="NoSt" alignment="centre">
		<translation id="text" translation_id="436452" type="use" value="Stadium information not available.[COMMENT: line of text saying when we don't have any information on a team's stadium]"/>
		<record id="object_property">
			<integer id="get_property" value="TsHA"/>
			<integer id="set_property" value="hidn"/>
		</record>
	</widget>
</panel>