<!-- THIS IS THE PANEL THAT SHOWS ON THE CLUB OVERVIEW SCREEN -->
<panel>
	<!-- STICK TO SIDES ALL USED TO LAYER ELEMENTS ON TOP OF OTHERS -->
	<layout class="stick_to_sides_attachment" alignment="all" inset="0" apply_to_children="true"/> 

	<!-- STADIUM PICTURE -->
	<container>
		<layout class="stick_to_sides_attachment" apply_to_children="true"/>

		<widget class="client_object_viewer_xml_panel" file="club/tcs/fm24/overview/stadium/picture" >
			<record id="object_property" get_property="objt" set_property="objt"/>
		</widget>
	</container>

	<container class="tcs_box" appearance="tcs/backgrounds/overlay/100" rrep="bg" transparency="0.80"/>

	<container>
		<attachment_group class="vertical_arrange" vertical_alignment="top,extend" vertical_gap="8" />

		<container class="tcs_box">
			<attachment_group class="vertical_arrange_autosize"/>

			<record id="default_properties" auto_size="vertical"  alignment="centre_x,centre_y"/>

			<!-- STADIUM NAME -->
			<widget class="client_object_label" id="namV" style="bold" size="large">
				<record id="object_property">
					<integer id="get_property" value="objt" />
				</record>
			</widget>		

			<!-- CITY LABEL -->
			<widget class="city_label" size="8" >
				<record id="object_property">
					<integer id="get_property" value="SctI" />
				</record>
			</widget>
		</container>

		<container class="scrolling_box">
			<container class="tcs_box">
				<layout class="vertical_arrange_autosize" vertical_offset="12" vertical_gap="16"/>

				<container class="tcs_table">
					<attachment_group class="horizontal_arrange_vertical_autosize" horizontal_alignment="fill"/>

					<!-- NATION -->
					<container >
						<attachment_group class="vertical_arrange_autosize" />
						<record id="default_properties" auto_size="vertical" alignment="centre"/>

						<!-- LABEL -->
						<widget class="text" size="small">
							<translation id="text" translation_id="229390" type="use"/>
						</widget>

						<!-- NATION -->
						<widget class="nation_button" style="semi_bold" icon_enabled="false">
							<record id="object_property" get_property="Snat"/>
						</widget>
					</container>

					<!-- BUILT -->
					<container >
						<attachment_group class="vertical_arrange_autosize" />
						<record id="default_properties" auto_size="vertical" alignment="centre"/>

						<!-- LABEL -->
						<widget class="text" size="small">
							<translation id="text" translation_id="420794" type="use"/>
						</widget>

						<!-- NATION -->
						<widget class="date_cell" style="semi_bold" icon_enabled="false">
							<record id="object_property" get_property="Sbld"/>
						</widget>
					</container>

					<!-- REBUILT -->
					<container>
						<attachment_group class="vertical_arrange_autosize" />
						<record id="default_properties" auto_size="vertical" alignment="centre"/>

						<!-- LABEL -->
						<widget class="text" size="small">
							<translation id="text" translation_id="515125" type="use"/>
						</widget>

						<!-- NATION -->
						<widget class="date_cell" style="semi_bold" icon_enabled="false">
							<record id="object_property" get_property="Srbd"/>
						</widget>
					</container>

				</container>

<container class="tcs_table_trans">
					<attachment_group class="horizontal_arrange_vertical_autosize" horizontal_alignment="fill"/>

					<container>
						<attachment_group class="vertical_arrange_autosize" />
						<record id="default_properties" auto_size="vertical" alignment="centre"/>

						<!-- LABEL -->
						<widget class="text" size="small">
							<translation id="text" translation_id="252902" type="use"/>
						</widget>

						<!-- NATION -->
						<widget class="stadium_capacity_description_text" style="semi_bold" icon_enabled="false">
							<record id="object_property" get_property="TstD"/>
						</widget>
					</container>

					<container>
						<attachment_group class="vertical_arrange_autosize" />
						<record id="default_properties" auto_size="vertical" alignment="centre"/>

						<!-- LABEL -->
						<widget class="text" size="small">
							<translation id="text" translation_id="348826" type="use"/>
						</widget>

						<!-- NATION -->
						<widget class="dashed_number_label" style="semi_bold" icon_enabled="false">
							<record id="object_property" get_property="Secy"/>
						</widget>
					</container>
</container>

				<container class="tcs_table">
					<attachment_group class="horizontal_arrange_vertical_autosize" horizontal_alignment="fill"/>

					<container>
						<attachment_group class="vertical_arrange_autosize" />
						<record id="default_properties" auto_size="vertical" alignment="centre"/>

						<!-- LABEL -->
						<widget class="text" size="small">
							<translation id="text" translation_id="284336" type="use"/>
						</widget>

						<!-- NATION -->
						<widget class="stadium_condition_label" style="semi_bold" icon_enabled="false">
							<record id="object_property" get_property="Sdcy"/>
						</widget>
					</container>

					<container >
						<attachment_group class="vertical_arrange_autosize" />
						<record id="default_properties" auto_size="vertical" alignment="centre"/>

						<!-- LABEL -->
						<widget class="text" size="small">
							<translation id="text" translation_id="515126" type="use"/>
						</widget>

						<!-- NATION -->
						<widget class="stadium_environment_condition_label" style="semi_bold" icon_enabled="false">
							<record id="object_property" get_property="Senv"/>
						</widget>
					</container>

					<container >
						<attachment_group class="vertical_arrange_autosize" />
						<record id="default_properties" auto_size="vertical" alignment="centre"/>

						<!-- LABEL -->
						<widget class="text" size="small">
							<translation id="text" translation_id="284339" type="use"/>
						</widget>

						<!-- NATION -->
						<widget class="pitch_surface_type_label" style="semi_bold" icon_enabled="false">
							<record id="object_property" get_property="SsfT"/>
						</widget>
					</container>

				</container>

				<container class="tcs_table_trans">
					<attachment_group class="horizontal_arrange_vertical_autosize" horizontal_alignment="fill"/>

					<container>
						<attachment_group class="vertical_arrange_autosize" />
						<record id="default_properties" auto_size="vertical" alignment="centre"/>

						<!-- LABEL -->
						<widget class="text" size="small">
							<translation id="text" translation_id="284336" type="use"/>
						</widget>

						<!-- NATION -->
						<widget class="dimension_label" style="semi_bold" icon_enabled="false">
							<record id="object_property" get_property="Sdim"/>
						</widget>
					</container>

					<container >
						<attachment_group class="vertical_arrange_autosize" />
						<record id="default_properties" auto_size="vertical" alignment="centre"/>

						<!-- LABEL -->
						<widget class="text" size="small">
							<translation id="text" translation_id="282080" type="use"/>
						</widget>

						<!-- NATION -->
						<widget class="pitch_condition_label" style="semi_bold" icon_enabled="false">
							<record id="object_property" get_property="Sptc"/>
						</widget>
					</container>

					<container >
						<attachment_group class="vertical_arrange_autosize" />
						<record id="default_properties" auto_size="vertical" alignment="centre"/>

						<!-- LABEL -->
						<widget class="text" size="small">
							<translation id="text" translation_id="454733" type="use"/>
						</widget>

						<!-- NATION -->
						<widget class="date_cell" style="semi_bold" icon_enabled="false">
							<record id="object_property" get_property="Splr"/>
						</widget>
					</container>

				</container>

<container >
					<attachment_group class="horizontal_arrange_vertical_autosize" horizontal_alignment="fill"/>

			<!--matches-->
			<container id="matc" class="tcs_table">
<attachment_group class="vertical_arrange_autosize" />

		<widget class="text" auto_size="vertical" font="title">
							<translation id="text" translation_id="257238" type="use"/>
						</widget>

				<widget class="client_object_list_table" id="FixL" database_table_type="53" fixed_size_rows="false" auto_size_rows="true" mode="fill_rows, stripe_rows, printable, store_sort_state" auto_size="vertical">
					<record id="object_property">
						<integer id="get_property" value="Slym" />
						<integer id="set_property" value="objt"/>
					</record>

					<!-- default sort -->
					<list id="default_sort_column">
						<integer value="fxdt" />
					</list>

					<!--default view from the view list-->
					<flags id="default_view" value="gene" />

					<!--list of all available views-->
					<record id="viewed_property_ids">
						<flags id="home" />
						<flags id="FxRs" />
						<flags id="away" />
					</record>

				</widget>
			</container>
			
			<!--teams-->
			<container id="team" class="tcs_table" >
<attachment_group class="vertical_arrange_autosize" />

	<!-- LABEL -->
		<widget class="text" auto_size="vertical" font="title">
							<translation id="text" translation_id="229362" type="use"/>
						</widget>
						
				<container class="simple_data_list" id="tems" set_property="objt" auto_size="vertical" gap="6">
					<record id="object_property">
						<integer id="get_property" value="Susr" />
					</record>

					<record id="widget_properties" class="client_object_viewer_xml_panel" file="team/team item panel" />
				</container>
			</container>
			</container>
			</container>
		</container>
	</container>

	<!-- OVERLAY AT BOTTOM TO ROUND STADIUM PIC -->
	<container class="bordered_box" appearance="tcs/ro" />
</panel>