<panel dont_set_embedded_title="true">
	<container id="SUBP" class="inner_box_no_margin">
		<layout class="stick_to_sides_attachment" alignment="all" apply_to_children="true" inset="0"/>
		<layout class="stick_to_sides_attachment" alignment="all" inset="0"/>
	</container>

	<widget class="popup_button" id="popv" height="30" width="30" click_event="msis" appearance="buttons/custom/over state only/button" fixed="true" navigation_focus_target="true">
		<layout class="stick_to_sides_attachment" alignment="right,top" inset="40,18"/>
	</widget>

	<record id="default_properties" late_loading="true"/>

	<!-- DEFAULT -->
	<container class="client_object_viewer_xml_panel" file="club/tcs/fm24/overview/stadium/default_dummy" id="staD">
		<translation id="title" translation_id="252901" type="use"/>
	</container>

	<!-- INFO -->
	<container class="client_object_viewer_xml_panel" file="club/tcs/fm24/overview/stadium/info_dummy" id="sInf">
		<translation id="title" translation_id="466547" type="use"/>
	</container>

	<!-- PICTURE -->
	<container class="client_object_viewer_xml_panel" file="club/tcs/fm24/overview/stadium/onlypicture_dummy" id="spic">
		<translation id="title" value="Only" type="use"/>
	</container>

</panel>