<class class="pizza_attacking_midfielder_shot" parent="match_rating_label" font="transparent" size="0" should_recolour="false" fixed_appearance_alignment="bottom" image_aligment="centre_x,centre_y">
	<list id="value_list">
		<record min_value="-1" max_value="0.57" appearance="mustermann/pizza/slices/d0" image_aligment="centre_x,centre_y" red_replacement="pizza_attack" blue_replacement="pizza_attack_border" colour="" hidden="false"/>
		<record min_value="0.57" max_value="0.81" appearance="mustermann/pizza/slices/d5" image_aligment="centre_x,centre_y" red_replacement="pizza_attack" blue_replacement="pizza_attack_border" colour="" hidden="false"/>
		<record min_value="0.81" max_value="0.94" appearance="mustermann/pizza/slices/d10" image_aligment="centre_x,centre_y" red_replacement="pizza_attack" blue_replacement="pizza_attack_border" colour="" hidden="false"/>
		<record min_value="0.94" max_value="1.05" appearance="mustermann/pizza/slices/d15" image_aligment="centre_x,centre_y" red_replacement="pizza_attack" blue_replacement="pizza_attack_border" colour="" hidden="false"/>
		<record min_value="1.05" max_value="1.13" appearance="mustermann/pizza/slices/d20" image_aligment="centre_x,centre_y" red_replacement="pizza_attack" blue_replacement="pizza_attack_border" colour="" hidden="false"/>
		<record min_value="1.13" max_value="1.21" appearance="mustermann/pizza/slices/d25" image_aligment="centre_x,centre_y" red_replacement="pizza_attack" blue_replacement="pizza_attack_border" colour="" hidden="false"/>
		<record min_value="1.21" max_value="1.28" appearance="mustermann/pizza/slices/d30" image_aligment="centre_x,centre_y" red_replacement="pizza_attack" blue_replacement="pizza_attack_border" colour="" hidden="false"/>
		<record min_value="1.28" max_value="1.35" appearance="mustermann/pizza/slices/d35" image_aligment="centre_x,centre_y" red_replacement="pizza_attack" blue_replacement="pizza_attack_border" colour="" hidden="false"/>
		<record min_value="1.35" max_value="1.41" appearance="mustermann/pizza/slices/d40" image_aligment="centre_x,centre_y" red_replacement="pizza_attack" blue_replacement="pizza_attack_border" colour="" hidden="false"/>
		<record min_value="1.41" max_value="1.47" appearance="mustermann/pizza/slices/d45" image_aligment="centre_x,centre_y" red_replacement="pizza_attack" blue_replacement="pizza_attack_border" colour="" hidden="false"/>
		<record min_value="1.47" max_value="1.54" appearance="mustermann/pizza/slices/d50" image_aligment="centre_x,centre_y" red_replacement="pizza_attack" blue_replacement="pizza_attack_border" colour="" hidden="false"/>
		<record min_value="1.54" max_value="1.60" appearance="mustermann/pizza/slices/d55" image_aligment="centre_x,centre_y" red_replacement="pizza_attack" blue_replacement="pizza_attack_border" colour="" hidden="false"/>
		<record min_value="1.60" max_value="1.68" appearance="mustermann/pizza/slices/d60" image_aligment="centre_x,centre_y" red_replacement="pizza_attack" blue_replacement="pizza_attack_border" colour="" hidden="false"/>
		<record min_value="1.68" max_value="1.76" appearance="mustermann/pizza/slices/d65" image_aligment="centre_x,centre_y" red_replacement="pizza_attack" blue_replacement="pizza_attack_border" colour="" hidden="false"/>
		<record min_value="1.76" max_value="1.85" appearance="mustermann/pizza/slices/d70" image_aligment="centre_x,centre_y" red_replacement="pizza_attack" blue_replacement="pizza_attack_border" colour="" hidden="false"/>
		<record min_value="1.85" max_value="1.94" appearance="mustermann/pizza/slices/d75" image_aligment="centre_x,centre_y" red_replacement="pizza_attack" blue_replacement="pizza_attack_border" colour="" hidden="false"/>
		<record min_value="1.94" max_value="2.07" appearance="mustermann/pizza/slices/d80" image_aligment="centre_x,centre_y" red_replacement="pizza_attack" blue_replacement="pizza_attack_border" colour="" hidden="false"/>
		<record min_value="2.07" max_value="2.24" appearance="mustermann/pizza/slices/d85" image_aligment="centre_x,centre_y" red_replacement="pizza_attack" blue_replacement="pizza_attack_border" colour="" hidden="false"/>
		<record min_value="2.24" max_value="2.50" appearance="mustermann/pizza/slices/d90" image_aligment="centre_x,centre_y" red_replacement="pizza_attack" blue_replacement="pizza_attack_border" colour="" hidden="false"/>
		<record min_value="2.50" max_value="3.15" appearance="mustermann/pizza/slices/d95" image_aligment="centre_x,centre_y" red_replacement="pizza_attack" blue_replacement="pizza_attack_border" colour="" hidden="false"/>
		<record min_value="3.15" max_value="1000" appearance="mustermann/pizza/slices/d99" image_aligment="centre_x,centre_y" red_replacement="pizza_attack" blue_replacement="pizza_attack_border" colour="" hidden="false"/>
	</list>
</class>