<class class="pizza_all_shot" parent="match_rating_label" font="transparent" size="0" should_recolour="false" fixed_appearance_alignment="bottom" image_aligment="centre_x,centre_y">
	<list id="value_list">
		<record min_value="-1" max_value="0.22" appearance="mustermann/pizza/slices/d0" image_aligment="centre_x,centre_y" red_replacement="pizza_attack" blue_replacement="pizza_attack_border" colour="" hidden="false"/>
		<record min_value="0.22" max_value="0.30" appearance="mustermann/pizza/slices/d5" image_aligment="centre_x,centre_y" red_replacement="pizza_attack" blue_replacement="pizza_attack_border" colour="" hidden="false"/>
		<record min_value="0.30" max_value="0.37" appearance="mustermann/pizza/slices/d10" image_aligment="centre_x,centre_y" red_replacement="pizza_attack" blue_replacement="pizza_attack_border" colour="" hidden="false"/>
		<record min_value="0.37" max_value="0.43" appearance="mustermann/pizza/slices/d15" image_aligment="centre_x,centre_y" red_replacement="pizza_attack" blue_replacement="pizza_attack_border" colour="" hidden="false"/>
		<record min_value="0.43" max_value="0.49" appearance="mustermann/pizza/slices/d20" image_aligment="centre_x,centre_y" red_replacement="pizza_attack" blue_replacement="pizza_attack_border" colour="" hidden="false"/>
		<record min_value="0.49" max_value="0.56" appearance="mustermann/pizza/slices/d25" image_aligment="centre_x,centre_y" red_replacement="pizza_attack" blue_replacement="pizza_attack_border" colour="" hidden="false"/>
		<record min_value="0.56" max_value="0.63" appearance="mustermann/pizza/slices/d30" image_aligment="centre_x,centre_y" red_replacement="pizza_attack" blue_replacement="pizza_attack_border" colour="" hidden="false"/>
		<record min_value="0.63" max_value="0.71" appearance="mustermann/pizza/slices/d35" image_aligment="centre_x,centre_y" red_replacement="pizza_attack" blue_replacement="pizza_attack_border" colour="" hidden="false"/>
		<record min_value="0.71" max_value="0.80" appearance="mustermann/pizza/slices/d40" image_aligment="centre_x,centre_y" red_replacement="pizza_attack" blue_replacement="pizza_attack_border" colour="" hidden="false"/>
		<record min_value="0.80" max_value="0.91" appearance="mustermann/pizza/slices/d45" image_aligment="centre_x,centre_y" red_replacement="pizza_attack" blue_replacement="pizza_attack_border" colour="" hidden="false"/>
		<record min_value="0.91" max_value="1.02" appearance="mustermann/pizza/slices/d50" image_aligment="centre_x,centre_y" red_replacement="pizza_attack" blue_replacement="pizza_attack_border" colour="" hidden="false"/>
		<record min_value="1.02" max_value="1.14" appearance="mustermann/pizza/slices/d55" image_aligment="centre_x,centre_y" red_replacement="pizza_attack" blue_replacement="pizza_attack_border" colour="" hidden="false"/>
		<record min_value="1.14" max_value="1.27" appearance="mustermann/pizza/slices/d60" image_aligment="centre_x,centre_y" red_replacement="pizza_attack" blue_replacement="pizza_attack_border" colour="" hidden="false"/>
		<record min_value="1.27" max_value="1.40" appearance="mustermann/pizza/slices/d65" image_aligment="centre_x,centre_y" red_replacement="pizza_attack" blue_replacement="pizza_attack_border" colour="" hidden="false"/>
		<record min_value="1.40" max_value="1.53" appearance="mustermann/pizza/slices/d70" image_aligment="centre_x,centre_y" red_replacement="pizza_attack" blue_replacement="pizza_attack_border" colour="" hidden="false"/>
		<record min_value="1.53" max_value="1.69" appearance="mustermann/pizza/slices/d75" image_aligment="centre_x,centre_y" red_replacement="pizza_attack" blue_replacement="pizza_attack_border" colour="" hidden="false"/>
		<record min_value="1.69" max_value="1.89" appearance="mustermann/pizza/slices/d80" image_aligment="centre_x,centre_y" red_replacement="pizza_attack" blue_replacement="pizza_attack_border" colour="" hidden="false"/>
		<record min_value="1.89" max_value="2.14" appearance="mustermann/pizza/slices/d85" image_aligment="centre_x,centre_y" red_replacement="pizza_attack" blue_replacement="pizza_attack_border" colour="" hidden="false"/>
		<record min_value="2.14" max_value="2.53" appearance="mustermann/pizza/slices/d90" image_aligment="centre_x,centre_y" red_replacement="pizza_attack" blue_replacement="pizza_attack_border" colour="" hidden="false"/>
		<record min_value="2.53" max_value="3.46" appearance="mustermann/pizza/slices/d95" image_aligment="centre_x,centre_y" red_replacement="pizza_attack" blue_replacement="pizza_attack_border" colour="" hidden="false"/>
		<record min_value="3.46" max_value="1000" appearance="mustermann/pizza/slices/d99" image_aligment="centre_x,centre_y" red_replacement="pizza_attack" blue_replacement="pizza_attack_border" colour="" hidden="false"/>
	</list>
</class>