<class class="pizza_all_hrs" parent="match_rating_label" font="transparent" size="0" should_recolour="false" fixed_appearance_alignment="bottom" image_aligment="centre_x,centre_y">
	<list id="value_list">
		<record min_value="-1" max_value="0.55" appearance="mustermann/pizza/slices/e0" image_aligment="centre_x,centre_y" red_replacement="pizza_defend" blue_replacement="pizza_defend_border" colour="" hidden="false"/>
		<record min_value="0.55" max_value="0.74" appearance="mustermann/pizza/slices/e5" image_aligment="centre_x,centre_y" red_replacement="pizza_defend" blue_replacement="pizza_defend_border" colour="" hidden="false"/>
		<record min_value="0.74" max_value="0.89" appearance="mustermann/pizza/slices/e10" image_aligment="centre_x,centre_y" red_replacement="pizza_defend" blue_replacement="pizza_defend_border" colour="" hidden="false"/>
		<record min_value="0.89" max_value="1.05" appearance="mustermann/pizza/slices/e15" image_aligment="centre_x,centre_y" red_replacement="pizza_defend" blue_replacement="pizza_defend_border" colour="" hidden="false"/>
		<record min_value="1.05" max_value="1.20" appearance="mustermann/pizza/slices/e20" image_aligment="centre_x,centre_y" red_replacement="pizza_defend" blue_replacement="pizza_defend_border" colour="" hidden="false"/>
		<record min_value="1.20" max_value="1.36" appearance="mustermann/pizza/slices/e25" image_aligment="centre_x,centre_y" red_replacement="pizza_defend" blue_replacement="pizza_defend_border" colour="" hidden="false"/>
		<record min_value="1.36" max_value="1.53" appearance="mustermann/pizza/slices/e30" image_aligment="centre_x,centre_y" red_replacement="pizza_defend" blue_replacement="pizza_defend_border" colour="" hidden="false"/>
		<record min_value="1.53" max_value="1.71" appearance="mustermann/pizza/slices/e35" image_aligment="centre_x,centre_y" red_replacement="pizza_defend" blue_replacement="pizza_defend_border" colour="" hidden="false"/>
		<record min_value="1.71" max_value="1.89" appearance="mustermann/pizza/slices/e40" image_aligment="centre_x,centre_y" red_replacement="pizza_defend" blue_replacement="pizza_defend_border" colour="" hidden="false"/>
		<record min_value="1.89" max_value="2.10" appearance="mustermann/pizza/slices/e45" image_aligment="centre_x,centre_y" red_replacement="pizza_defend" blue_replacement="pizza_defend_border" colour="" hidden="false"/>
		<record min_value="2.10" max_value="2.33" appearance="mustermann/pizza/slices/e50" image_aligment="centre_x,centre_y" red_replacement="pizza_defend" blue_replacement="pizza_defend_border" colour="" hidden="false"/>
		<record min_value="2.33" max_value="2.58" appearance="mustermann/pizza/slices/e55" image_aligment="centre_x,centre_y" red_replacement="pizza_defend" blue_replacement="pizza_defend_border" colour="" hidden="false"/>
		<record min_value="2.58" max_value="2.86" appearance="mustermann/pizza/slices/e60" image_aligment="centre_x,centre_y" red_replacement="pizza_defend" blue_replacement="pizza_defend_border" colour="" hidden="false"/>
		<record min_value="2.86" max_value="3.18" appearance="mustermann/pizza/slices/e65" image_aligment="centre_x,centre_y" red_replacement="pizza_defend" blue_replacement="pizza_defend_border" colour="" hidden="false"/>
		<record min_value="3.18" max_value="3.54" appearance="mustermann/pizza/slices/e70" image_aligment="centre_x,centre_y" red_replacement="pizza_defend" blue_replacement="pizza_defend_border" colour="" hidden="false"/>
		<record min_value="3.54" max_value="3.96" appearance="mustermann/pizza/slices/e75" image_aligment="centre_x,centre_y" red_replacement="pizza_defend" blue_replacement="pizza_defend_border" colour="" hidden="false"/>
		<record min_value="3.96" max_value="4.42" appearance="mustermann/pizza/slices/e80" image_aligment="centre_x,centre_y" red_replacement="pizza_defend" blue_replacement="pizza_defend_border" colour="" hidden="false"/>
		<record min_value="4.42" max_value="4.94" appearance="mustermann/pizza/slices/e85" image_aligment="centre_x,centre_y" red_replacement="pizza_defend" blue_replacement="pizza_defend_border" colour="" hidden="false"/>
		<record min_value="4.94" max_value="5.64" appearance="mustermann/pizza/slices/e90" image_aligment="centre_x,centre_y" red_replacement="pizza_defend" blue_replacement="pizza_defend_border" colour="" hidden="false"/>
		<record min_value="5.64" max_value="6.89" appearance="mustermann/pizza/slices/e95" image_aligment="centre_x,centre_y" red_replacement="pizza_defend" blue_replacement="pizza_defend_border" colour="" hidden="false"/>
		<record min_value="6.89" max_value="1000" appearance="mustermann/pizza/slices/e99" image_aligment="centre_x,centre_y" red_replacement="pizza_defend" blue_replacement="pizza_defend_border" colour="" hidden="false"/>
	</list>
</class>