<class class="pizza_striker_hrs" parent="match_rating_label" font="transparent" size="0" should_recolour="false" fixed_appearance_alignment="bottom" image_aligment="centre_x,centre_y">
	<list id="value_list">
		<record min_value="-1" max_value="0.84" appearance="mustermann/pizza/slices/e0" image_aligment="centre_x,centre_y" red_replacement="pizza_defend" blue_replacement="pizza_defend_border" colour="" hidden="false"/>
		<record min_value="0.84" max_value="1.17" appearance="mustermann/pizza/slices/e5" image_aligment="centre_x,centre_y" red_replacement="pizza_defend" blue_replacement="pizza_defend_border" colour="" hidden="false"/>
		<record min_value="1.17" max_value="1.39" appearance="mustermann/pizza/slices/e10" image_aligment="centre_x,centre_y" red_replacement="pizza_defend" blue_replacement="pizza_defend_border" colour="" hidden="false"/>
		<record min_value="1.39" max_value="1.60" appearance="mustermann/pizza/slices/e15" image_aligment="centre_x,centre_y" red_replacement="pizza_defend" blue_replacement="pizza_defend_border" colour="" hidden="false"/>
		<record min_value="1.60" max_value="1.80" appearance="mustermann/pizza/slices/e20" image_aligment="centre_x,centre_y" red_replacement="pizza_defend" blue_replacement="pizza_defend_border" colour="" hidden="false"/>
		<record min_value="1.80" max_value="2.02" appearance="mustermann/pizza/slices/e25" image_aligment="centre_x,centre_y" red_replacement="pizza_defend" blue_replacement="pizza_defend_border" colour="" hidden="false"/>
		<record min_value="2.02" max_value="2.19" appearance="mustermann/pizza/slices/e30" image_aligment="centre_x,centre_y" red_replacement="pizza_defend" blue_replacement="pizza_defend_border" colour="" hidden="false"/>
		<record min_value="2.19" max_value="2.38" appearance="mustermann/pizza/slices/e35" image_aligment="centre_x,centre_y" red_replacement="pizza_defend" blue_replacement="pizza_defend_border" colour="" hidden="false"/>
		<record min_value="2.38" max_value="2.57" appearance="mustermann/pizza/slices/e40" image_aligment="centre_x,centre_y" red_replacement="pizza_defend" blue_replacement="pizza_defend_border" colour="" hidden="false"/>
		<record min_value="2.57" max_value="2.77" appearance="mustermann/pizza/slices/e45" image_aligment="centre_x,centre_y" red_replacement="pizza_defend" blue_replacement="pizza_defend_border" colour="" hidden="false"/>
		<record min_value="2.77" max_value="3.00" appearance="mustermann/pizza/slices/e50" image_aligment="centre_x,centre_y" red_replacement="pizza_defend" blue_replacement="pizza_defend_border" colour="" hidden="false"/>
		<record min_value="3.00" max_value="3.19" appearance="mustermann/pizza/slices/e55" image_aligment="centre_x,centre_y" red_replacement="pizza_defend" blue_replacement="pizza_defend_border" colour="" hidden="false"/>
		<record min_value="3.19" max_value="3.41" appearance="mustermann/pizza/slices/e60" image_aligment="centre_x,centre_y" red_replacement="pizza_defend" blue_replacement="pizza_defend_border" colour="" hidden="false"/>
		<record min_value="3.41" max_value="3.62" appearance="mustermann/pizza/slices/e65" image_aligment="centre_x,centre_y" red_replacement="pizza_defend" blue_replacement="pizza_defend_border" colour="" hidden="false"/>
		<record min_value="3.62" max_value="3.90" appearance="mustermann/pizza/slices/e70" image_aligment="centre_x,centre_y" red_replacement="pizza_defend" blue_replacement="pizza_defend_border" colour="" hidden="false"/>
		<record min_value="3.90" max_value="4.24" appearance="mustermann/pizza/slices/e75" image_aligment="centre_x,centre_y" red_replacement="pizza_defend" blue_replacement="pizza_defend_border" colour="" hidden="false"/>
		<record min_value="4.24" max_value="4.61" appearance="mustermann/pizza/slices/e80" image_aligment="centre_x,centre_y" red_replacement="pizza_defend" blue_replacement="pizza_defend_border" colour="" hidden="false"/>
		<record min_value="4.61" max_value="5.07" appearance="mustermann/pizza/slices/e85" image_aligment="centre_x,centre_y" red_replacement="pizza_defend" blue_replacement="pizza_defend_border" colour="" hidden="false"/>
		<record min_value="5.07" max_value="5.79" appearance="mustermann/pizza/slices/e90" image_aligment="centre_x,centre_y" red_replacement="pizza_defend" blue_replacement="pizza_defend_border" colour="" hidden="false"/>
		<record min_value="5.79" max_value="7.02" appearance="mustermann/pizza/slices/e95" image_aligment="centre_x,centre_y" red_replacement="pizza_defend" blue_replacement="pizza_defend_border" colour="" hidden="false"/>
		<record min_value="7.02" max_value="1000" appearance="mustermann/pizza/slices/e99" image_aligment="centre_x,centre_y" red_replacement="pizza_defend" blue_replacement="pizza_defend_border" colour="" hidden="false"/>
	</list>
</class>