<class class="pizza_goalkeeper_posslost" parent="match_rating_label" font="transparent" size="0" should_recolour="false" fixed_appearance_alignment="bottom" image_aligment="centre_x,centre_y">
	<list id="value_list">
		<record min_value="15.34" max_value="1000" appearance="mustermann/pizza/slices/gkd0" image_aligment="centre_x,centre_y" red_replacement="pizza_possess" blue_replacement="pizza_possess_border" colour="" hidden="false"/>
		<record min_value="13.90" max_value="15.34" appearance="mustermann/pizza/slices/gkd5" image_aligment="centre_x,centre_y" red_replacement="pizza_possess" blue_replacement="pizza_possess_border" colour="" hidden="false"/>
		<record min_value="13.23" max_value="13.90" appearance="mustermann/pizza/slices/gkd10" image_aligment="centre_x,centre_y" red_replacement="pizza_possess" blue_replacement="pizza_possess_border" colour="" hidden="false"/>
		<record min_value="12.71" max_value="13.23" appearance="mustermann/pizza/slices/gkd15" image_aligment="centre_x,centre_y" red_replacement="pizza_possess" blue_replacement="pizza_possess_border" colour="" hidden="false"/>
		<record min_value="12.30" max_value="12.71" appearance="mustermann/pizza/slices/gkd20" image_aligment="centre_x,centre_y" red_replacement="pizza_possess" blue_replacement="pizza_possess_border" colour="" hidden="false"/>
		<record min_value="11.86" max_value="12.30" appearance="mustermann/pizza/slices/gkd25" image_aligment="centre_x,centre_y" red_replacement="pizza_possess" blue_replacement="pizza_possess_border" colour="" hidden="false"/>
		<record min_value="11.36" max_value="11.86" appearance="mustermann/pizza/slices/gkd30" image_aligment="centre_x,centre_y" red_replacement="pizza_possess" blue_replacement="pizza_possess_border" colour="" hidden="false"/>
		<record min_value="10.90" max_value="11.36" appearance="mustermann/pizza/slices/gkd35" image_aligment="centre_x,centre_y" red_replacement="pizza_possess" blue_replacement="pizza_possess_border" colour="" hidden="false"/>
		<record min_value="10.42" max_value="10.90" appearance="mustermann/pizza/slices/gkd40" image_aligment="centre_x,centre_y" red_replacement="pizza_possess" blue_replacement="pizza_possess_border" colour="" hidden="false"/>
		<record min_value="9.96" max_value="10.42" appearance="mustermann/pizza/slices/gkd45" image_aligment="centre_x,centre_y" red_replacement="pizza_possess" blue_replacement="pizza_possess_border" colour="" hidden="false"/>
		<record min_value="9.40" max_value="9.96" appearance="mustermann/pizza/slices/gkd50" image_aligment="centre_x,centre_y" red_replacement="pizza_possess" blue_replacement="pizza_possess_border" colour="" hidden="false"/>
		<record min_value="8.82" max_value="9.40" appearance="mustermann/pizza/slices/gkd55" image_aligment="centre_x,centre_y" red_replacement="pizza_possess" blue_replacement="pizza_possess_border" colour="" hidden="false"/>
		<record min_value="8.14" max_value="8.82" appearance="mustermann/pizza/slices/gkd60" image_aligment="centre_x,centre_y" red_replacement="pizza_possess" blue_replacement="pizza_possess_border" colour="" hidden="false"/>
		<record min_value="7.50" max_value="8.14" appearance="mustermann/pizza/slices/gkd65" image_aligment="centre_x,centre_y" red_replacement="pizza_possess" blue_replacement="pizza_possess_border" colour="" hidden="false"/>
		<record min_value="6.64" max_value="7.50" appearance="mustermann/pizza/slices/gkd70" image_aligment="centre_x,centre_y" red_replacement="pizza_possess" blue_replacement="pizza_possess_border" colour="" hidden="false"/>
		<record min_value="5.64" max_value="6.64" appearance="mustermann/pizza/slices/gkd75" image_aligment="centre_x,centre_y" red_replacement="pizza_possess" blue_replacement="pizza_possess_border" colour="" hidden="false"/>
		<record min_value="4.22" max_value="5.64" appearance="mustermann/pizza/slices/gkd80" image_aligment="centre_x,centre_y" red_replacement="pizza_possess" blue_replacement="pizza_possess_border" colour="" hidden="false"/>
		<record min_value="3.09" max_value="4.22" appearance="mustermann/pizza/slices/gkd85" image_aligment="centre_x,centre_y" red_replacement="pizza_possess" blue_replacement="pizza_possess_border" colour="" hidden="false"/>
		<record min_value="2.19" max_value="3.09" appearance="mustermann/pizza/slices/gkd90" image_aligment="centre_x,centre_y" red_replacement="pizza_possess" blue_replacement="pizza_possess_border" colour="" hidden="false"/>
		<record min_value="1.62" max_value="2.19" appearance="mustermann/pizza/slices/gkd95" image_aligment="centre_x,centre_y" red_replacement="pizza_possess" blue_replacement="pizza_possess_border" colour="" hidden="false"/>
		<record min_value="0" max_value="1.62" appearance="mustermann/pizza/slices/gkd99" image_aligment="centre_x,centre_y" red_replacement="pizza_possess" blue_replacement="pizza_possess_border" colour="" hidden="false"/>
		<record min_value="-1" max_value="0" appearance="mustermann/pizza/slices/gkd0" image_aligment="centre_x,centre_y" red_replacement="pizza_possess" blue_replacement="pizza_possess_border" colour="" hidden="false"/>
	</list>
</class>