<class class="pizza_full_back_shot" parent="match_rating_label" font="transparent" size="0" should_recolour="false" fixed_appearance_alignment="bottom" image_aligment="centre_x,centre_y">
	<list id="value_list">
		<record min_value="-1" max_value="0.16" appearance="mustermann/pizza/slices/d0" image_aligment="centre_x,centre_y" red_replacement="pizza_attack" blue_replacement="pizza_attack_border" colour="" hidden="false"/>
		<record min_value="0.16" max_value="0.20" appearance="mustermann/pizza/slices/d5" image_aligment="centre_x,centre_y" red_replacement="pizza_attack" blue_replacement="pizza_attack_border" colour="" hidden="false"/>
		<record min_value="0.20" max_value="0.24" appearance="mustermann/pizza/slices/d10" image_aligment="centre_x,centre_y" red_replacement="pizza_attack" blue_replacement="pizza_attack_border" colour="" hidden="false"/>
		<record min_value="0.24" max_value="0.28" appearance="mustermann/pizza/slices/d15" image_aligment="centre_x,centre_y" red_replacement="pizza_attack" blue_replacement="pizza_attack_border" colour="" hidden="false"/>
		<record min_value="0.28" max_value="0.31" appearance="mustermann/pizza/slices/d20" image_aligment="centre_x,centre_y" red_replacement="pizza_attack" blue_replacement="pizza_attack_border" colour="" hidden="false"/>
		<record min_value="0.31" max_value="0.34" appearance="mustermann/pizza/slices/d25" image_aligment="centre_x,centre_y" red_replacement="pizza_attack" blue_replacement="pizza_attack_border" colour="" hidden="false"/>
		<record min_value="0.34" max_value="0.37" appearance="mustermann/pizza/slices/d30" image_aligment="centre_x,centre_y" red_replacement="pizza_attack" blue_replacement="pizza_attack_border" colour="" hidden="false"/>
		<record min_value="0.37" max_value="0.40" appearance="mustermann/pizza/slices/d35" image_aligment="centre_x,centre_y" red_replacement="pizza_attack" blue_replacement="pizza_attack_border" colour="" hidden="false"/>
		<record min_value="0.40" max_value="0.43" appearance="mustermann/pizza/slices/d40" image_aligment="centre_x,centre_y" red_replacement="pizza_attack" blue_replacement="pizza_attack_border" colour="" hidden="false"/>
		<record min_value="0.43" max_value="0.46" appearance="mustermann/pizza/slices/d45" image_aligment="centre_x,centre_y" red_replacement="pizza_attack" blue_replacement="pizza_attack_border" colour="" hidden="false"/>
		<record min_value="0.46" max_value="0.49" appearance="mustermann/pizza/slices/d50" image_aligment="centre_x,centre_y" red_replacement="pizza_attack" blue_replacement="pizza_attack_border" colour="" hidden="false"/>
		<record min_value="0.49" max_value="0.52" appearance="mustermann/pizza/slices/d55" image_aligment="centre_x,centre_y" red_replacement="pizza_attack" blue_replacement="pizza_attack_border" colour="" hidden="false"/>
		<record min_value="0.52" max_value="0.56" appearance="mustermann/pizza/slices/d60" image_aligment="centre_x,centre_y" red_replacement="pizza_attack" blue_replacement="pizza_attack_border" colour="" hidden="false"/>
		<record min_value="0.56" max_value="0.60" appearance="mustermann/pizza/slices/d65" image_aligment="centre_x,centre_y" red_replacement="pizza_attack" blue_replacement="pizza_attack_border" colour="" hidden="false"/>
		<record min_value="0.60" max_value="0.64" appearance="mustermann/pizza/slices/d70" image_aligment="centre_x,centre_y" red_replacement="pizza_attack" blue_replacement="pizza_attack_border" colour="" hidden="false"/>
		<record min_value="0.64" max_value="0.69" appearance="mustermann/pizza/slices/d75" image_aligment="centre_x,centre_y" red_replacement="pizza_attack" blue_replacement="pizza_attack_border" colour="" hidden="false"/>
		<record min_value="0.69" max_value="0.75" appearance="mustermann/pizza/slices/d80" image_aligment="centre_x,centre_y" red_replacement="pizza_attack" blue_replacement="pizza_attack_border" colour="" hidden="false"/>
		<record min_value="0.75" max_value="0.85" appearance="mustermann/pizza/slices/d85" image_aligment="centre_x,centre_y" red_replacement="pizza_attack" blue_replacement="pizza_attack_border" colour="" hidden="false"/>
		<record min_value="0.85" max_value="1.02" appearance="mustermann/pizza/slices/d90" image_aligment="centre_x,centre_y" red_replacement="pizza_attack" blue_replacement="pizza_attack_border" colour="" hidden="false"/>
		<record min_value="1.02" max_value="1.46" appearance="mustermann/pizza/slices/d95" image_aligment="centre_x,centre_y" red_replacement="pizza_attack" blue_replacement="pizza_attack_border" colour="" hidden="false"/>
		<record min_value="1.46" max_value="1000" appearance="mustermann/pizza/slices/d99" image_aligment="centre_x,centre_y" red_replacement="pizza_attack" blue_replacement="pizza_attack_border" colour="" hidden="false"/>
	</list>
</class>