<class class="pizza_striker_posswon" parent="match_rating_label" font="transparent" size="0" should_recolour="false" fixed_appearance_alignment="bottom" image_aligment="centre_x,centre_y">
	<list id="value_list">
		<record min_value="-1" max_value="2.11" appearance="mustermann/pizza/slices/h0" image_aligment="centre_x,centre_y" red_replacement="pizza_possess" blue_replacement="pizza_possess_border" colour="" hidden="false"/>
		<record min_value="2.11" max_value="2.49" appearance="mustermann/pizza/slices/h5" image_aligment="centre_x,centre_y" red_replacement="pizza_possess" blue_replacement="pizza_possess_border" colour="" hidden="false"/>
		<record min_value="2.49" max_value="2.69" appearance="mustermann/pizza/slices/h10" image_aligment="centre_x,centre_y" red_replacement="pizza_possess" blue_replacement="pizza_possess_border" colour="" hidden="false"/>
		<record min_value="2.69" max_value="2.86" appearance="mustermann/pizza/slices/h15" image_aligment="centre_x,centre_y" red_replacement="pizza_possess" blue_replacement="pizza_possess_border" colour="" hidden="false"/>
		<record min_value="2.86" max_value="3.04" appearance="mustermann/pizza/slices/h20" image_aligment="centre_x,centre_y" red_replacement="pizza_possess" blue_replacement="pizza_possess_border" colour="" hidden="false"/>
		<record min_value="3.04" max_value="3.20" appearance="mustermann/pizza/slices/h25" image_aligment="centre_x,centre_y" red_replacement="pizza_possess" blue_replacement="pizza_possess_border" colour="" hidden="false"/>
		<record min_value="3.20" max_value="3.32" appearance="mustermann/pizza/slices/h30" image_aligment="centre_x,centre_y" red_replacement="pizza_possess" blue_replacement="pizza_possess_border" colour="" hidden="false"/>
		<record min_value="3.32" max_value="3.44" appearance="mustermann/pizza/slices/h35" image_aligment="centre_x,centre_y" red_replacement="pizza_possess" blue_replacement="pizza_possess_border" colour="" hidden="false"/>
		<record min_value="3.44" max_value="3.56" appearance="mustermann/pizza/slices/h40" image_aligment="centre_x,centre_y" red_replacement="pizza_possess" blue_replacement="pizza_possess_border" colour="" hidden="false"/>
		<record min_value="3.56" max_value="3.67" appearance="mustermann/pizza/slices/h45" image_aligment="centre_x,centre_y" red_replacement="pizza_possess" blue_replacement="pizza_possess_border" colour="" hidden="false"/>
		<record min_value="3.67" max_value="3.81" appearance="mustermann/pizza/slices/h50" image_aligment="centre_x,centre_y" red_replacement="pizza_possess" blue_replacement="pizza_possess_border" colour="" hidden="false"/>
		<record min_value="3.81" max_value="3.94" appearance="mustermann/pizza/slices/h55" image_aligment="centre_x,centre_y" red_replacement="pizza_possess" blue_replacement="pizza_possess_border" colour="" hidden="false"/>
		<record min_value="3.94" max_value="4.09" appearance="mustermann/pizza/slices/h60" image_aligment="centre_x,centre_y" red_replacement="pizza_possess" blue_replacement="pizza_possess_border" colour="" hidden="false"/>
		<record min_value="4.09" max_value="4.22" appearance="mustermann/pizza/slices/h65" image_aligment="centre_x,centre_y" red_replacement="pizza_possess" blue_replacement="pizza_possess_border" colour="" hidden="false"/>
		<record min_value="4.22" max_value="4.40" appearance="mustermann/pizza/slices/h70" image_aligment="centre_x,centre_y" red_replacement="pizza_possess" blue_replacement="pizza_possess_border" colour="" hidden="false"/>
		<record min_value="4.40" max_value="4.59" appearance="mustermann/pizza/slices/h75" image_aligment="centre_x,centre_y" red_replacement="pizza_possess" blue_replacement="pizza_possess_border" colour="" hidden="false"/>
		<record min_value="4.59" max_value="4.85" appearance="mustermann/pizza/slices/h80" image_aligment="centre_x,centre_y" red_replacement="pizza_possess" blue_replacement="pizza_possess_border" colour="" hidden="false"/>
		<record min_value="4.85" max_value="5.20" appearance="mustermann/pizza/slices/h85" image_aligment="centre_x,centre_y" red_replacement="pizza_possess" blue_replacement="pizza_possess_border" colour="" hidden="false"/>
		<record min_value="5.20" max_value="5.87" appearance="mustermann/pizza/slices/h90" image_aligment="centre_x,centre_y" red_replacement="pizza_possess" blue_replacement="pizza_possess_border" colour="" hidden="false"/>
		<record min_value="5.87" max_value="7.74" appearance="mustermann/pizza/slices/h95" image_aligment="centre_x,centre_y" red_replacement="pizza_possess" blue_replacement="pizza_possess_border" colour="" hidden="false"/>
		<record min_value="7.74" max_value="1000" appearance="mustermann/pizza/slices/h99" image_aligment="centre_x,centre_y" red_replacement="pizza_possess" blue_replacement="pizza_possess_border" colour="" hidden="false"/>
	</list>
</class>