<class class="pizza_central_midfielder_hrs" parent="match_rating_label" font="transparent" size="0" should_recolour="false" fixed_appearance_alignment="bottom" image_aligment="centre_x,centre_y">
	<list id="value_list">
		<record min_value="-1" max_value="0.48" appearance="mustermann/pizza/slices/e0" image_aligment="centre_x,centre_y" red_replacement="pizza_defend" blue_replacement="pizza_defend_border" colour="" hidden="false"/>
		<record min_value="0.48" max_value="0.64" appearance="mustermann/pizza/slices/e5" image_aligment="centre_x,centre_y" red_replacement="pizza_defend" blue_replacement="pizza_defend_border" colour="" hidden="false"/>
		<record min_value="0.64" max_value="0.75" appearance="mustermann/pizza/slices/e10" image_aligment="centre_x,centre_y" red_replacement="pizza_defend" blue_replacement="pizza_defend_border" colour="" hidden="false"/>
		<record min_value="0.75" max_value="0.85" appearance="mustermann/pizza/slices/e15" image_aligment="centre_x,centre_y" red_replacement="pizza_defend" blue_replacement="pizza_defend_border" colour="" hidden="false"/>
		<record min_value="0.85" max_value="0.96" appearance="mustermann/pizza/slices/e20" image_aligment="centre_x,centre_y" red_replacement="pizza_defend" blue_replacement="pizza_defend_border" colour="" hidden="false"/>
		<record min_value="0.96" max_value="1.06" appearance="mustermann/pizza/slices/e25" image_aligment="centre_x,centre_y" red_replacement="pizza_defend" blue_replacement="pizza_defend_border" colour="" hidden="false"/>
		<record min_value="1.06" max_value="1.16" appearance="mustermann/pizza/slices/e30" image_aligment="centre_x,centre_y" red_replacement="pizza_defend" blue_replacement="pizza_defend_border" colour="" hidden="false"/>
		<record min_value="1.16" max_value="1.26" appearance="mustermann/pizza/slices/e35" image_aligment="centre_x,centre_y" red_replacement="pizza_defend" blue_replacement="pizza_defend_border" colour="" hidden="false"/>
		<record min_value="1.26" max_value="1.37" appearance="mustermann/pizza/slices/e40" image_aligment="centre_x,centre_y" red_replacement="pizza_defend" blue_replacement="pizza_defend_border" colour="" hidden="false"/>
		<record min_value="1.37" max_value="1.47" appearance="mustermann/pizza/slices/e45" image_aligment="centre_x,centre_y" red_replacement="pizza_defend" blue_replacement="pizza_defend_border" colour="" hidden="false"/>
		<record min_value="1.47" max_value="1.59" appearance="mustermann/pizza/slices/e50" image_aligment="centre_x,centre_y" red_replacement="pizza_defend" blue_replacement="pizza_defend_border" colour="" hidden="false"/>
		<record min_value="1.59" max_value="1.73" appearance="mustermann/pizza/slices/e55" image_aligment="centre_x,centre_y" red_replacement="pizza_defend" blue_replacement="pizza_defend_border" colour="" hidden="false"/>
		<record min_value="1.73" max_value="1.86" appearance="mustermann/pizza/slices/e60" image_aligment="centre_x,centre_y" red_replacement="pizza_defend" blue_replacement="pizza_defend_border" colour="" hidden="false"/>
		<record min_value="1.86" max_value="2.01" appearance="mustermann/pizza/slices/e65" image_aligment="centre_x,centre_y" red_replacement="pizza_defend" blue_replacement="pizza_defend_border" colour="" hidden="false"/>
		<record min_value="2.01" max_value="2.20" appearance="mustermann/pizza/slices/e70" image_aligment="centre_x,centre_y" red_replacement="pizza_defend" blue_replacement="pizza_defend_border" colour="" hidden="false"/>
		<record min_value="2.20" max_value="2.41" appearance="mustermann/pizza/slices/e75" image_aligment="centre_x,centre_y" red_replacement="pizza_defend" blue_replacement="pizza_defend_border" colour="" hidden="false"/>
		<record min_value="2.41" max_value="2.64" appearance="mustermann/pizza/slices/e80" image_aligment="centre_x,centre_y" red_replacement="pizza_defend" blue_replacement="pizza_defend_border" colour="" hidden="false"/>
		<record min_value="2.64" max_value="2.98" appearance="mustermann/pizza/slices/e85" image_aligment="centre_x,centre_y" red_replacement="pizza_defend" blue_replacement="pizza_defend_border" colour="" hidden="false"/>
		<record min_value="2.98" max_value="3.47" appearance="mustermann/pizza/slices/e90" image_aligment="centre_x,centre_y" red_replacement="pizza_defend" blue_replacement="pizza_defend_border" colour="" hidden="false"/>
		<record min_value="3.47" max_value="4.81" appearance="mustermann/pizza/slices/e95" image_aligment="centre_x,centre_y" red_replacement="pizza_defend" blue_replacement="pizza_defend_border" colour="" hidden="false"/>
		<record min_value="4.81" max_value="1000" appearance="mustermann/pizza/slices/e99" image_aligment="centre_x,centre_y" red_replacement="pizza_defend" blue_replacement="pizza_defend_border" colour="" hidden="false"/>
	</list>
</class>