<class class="pizza_full_back_hrs" parent="match_rating_label" font="transparent" size="0" should_recolour="false" fixed_appearance_alignment="bottom" image_aligment="centre_x,centre_y">
	<list id="value_list">
		<record min_value="-1" max_value="1.12" appearance="mustermann/pizza/slices/e0" image_aligment="centre_x,centre_y" red_replacement="pizza_defend" blue_replacement="pizza_defend_border" colour="" hidden="false"/>
		<record min_value="1.12" max_value="1.35" appearance="mustermann/pizza/slices/e5" image_aligment="centre_x,centre_y" red_replacement="pizza_defend" blue_replacement="pizza_defend_border" colour="" hidden="false"/>
		<record min_value="1.35" max_value="1.51" appearance="mustermann/pizza/slices/e10" image_aligment="centre_x,centre_y" red_replacement="pizza_defend" blue_replacement="pizza_defend_border" colour="" hidden="false"/>
		<record min_value="1.51" max_value="1.64" appearance="mustermann/pizza/slices/e15" image_aligment="centre_x,centre_y" red_replacement="pizza_defend" blue_replacement="pizza_defend_border" colour="" hidden="false"/>
		<record min_value="1.64" max_value="1.76" appearance="mustermann/pizza/slices/e20" image_aligment="centre_x,centre_y" red_replacement="pizza_defend" blue_replacement="pizza_defend_border" colour="" hidden="false"/>
		<record min_value="1.76" max_value="1.90" appearance="mustermann/pizza/slices/e25" image_aligment="centre_x,centre_y" red_replacement="pizza_defend" blue_replacement="pizza_defend_border" colour="" hidden="false"/>
		<record min_value="1.90" max_value="2.03" appearance="mustermann/pizza/slices/e30" image_aligment="centre_x,centre_y" red_replacement="pizza_defend" blue_replacement="pizza_defend_border" colour="" hidden="false"/>
		<record min_value="2.03" max_value="2.15" appearance="mustermann/pizza/slices/e35" image_aligment="centre_x,centre_y" red_replacement="pizza_defend" blue_replacement="pizza_defend_border" colour="" hidden="false"/>
		<record min_value="2.15" max_value="2.29" appearance="mustermann/pizza/slices/e40" image_aligment="centre_x,centre_y" red_replacement="pizza_defend" blue_replacement="pizza_defend_border" colour="" hidden="false"/>
		<record min_value="2.29" max_value="2.41" appearance="mustermann/pizza/slices/e45" image_aligment="centre_x,centre_y" red_replacement="pizza_defend" blue_replacement="pizza_defend_border" colour="" hidden="false"/>
		<record min_value="2.41" max_value="2.55" appearance="mustermann/pizza/slices/e50" image_aligment="centre_x,centre_y" red_replacement="pizza_defend" blue_replacement="pizza_defend_border" colour="" hidden="false"/>
		<record min_value="2.55" max_value="2.69" appearance="mustermann/pizza/slices/e55" image_aligment="centre_x,centre_y" red_replacement="pizza_defend" blue_replacement="pizza_defend_border" colour="" hidden="false"/>
		<record min_value="2.69" max_value="2.83" appearance="mustermann/pizza/slices/e60" image_aligment="centre_x,centre_y" red_replacement="pizza_defend" blue_replacement="pizza_defend_border" colour="" hidden="false"/>
		<record min_value="2.83" max_value="2.99" appearance="mustermann/pizza/slices/e65" image_aligment="centre_x,centre_y" red_replacement="pizza_defend" blue_replacement="pizza_defend_border" colour="" hidden="false"/>
		<record min_value="2.99" max_value="3.16" appearance="mustermann/pizza/slices/e70" image_aligment="centre_x,centre_y" red_replacement="pizza_defend" blue_replacement="pizza_defend_border" colour="" hidden="false"/>
		<record min_value="3.16" max_value="3.34" appearance="mustermann/pizza/slices/e75" image_aligment="centre_x,centre_y" red_replacement="pizza_defend" blue_replacement="pizza_defend_border" colour="" hidden="false"/>
		<record min_value="3.34" max_value="3.56" appearance="mustermann/pizza/slices/e80" image_aligment="centre_x,centre_y" red_replacement="pizza_defend" blue_replacement="pizza_defend_border" colour="" hidden="false"/>
		<record min_value="3.56" max_value="3.85" appearance="mustermann/pizza/slices/e85" image_aligment="centre_x,centre_y" red_replacement="pizza_defend" blue_replacement="pizza_defend_border" colour="" hidden="false"/>
		<record min_value="3.85" max_value="4.30" appearance="mustermann/pizza/slices/e90" image_aligment="centre_x,centre_y" red_replacement="pizza_defend" blue_replacement="pizza_defend_border" colour="" hidden="false"/>
		<record min_value="4.30" max_value="5.14" appearance="mustermann/pizza/slices/e95" image_aligment="centre_x,centre_y" red_replacement="pizza_defend" blue_replacement="pizza_defend_border" colour="" hidden="false"/>
		<record min_value="5.14" max_value="1000" appearance="mustermann/pizza/slices/e99" image_aligment="centre_x,centre_y" red_replacement="pizza_defend" blue_replacement="pizza_defend_border" colour="" hidden="false"/>
	</list>
</class>