<class class="pizza_goalkeeper_save" parent="match_rating_label" font="transparent" size="0" should_recolour="false" fixed_appearance_alignment="bottom" image_aligment="centre_x,centre_y">
	<list id="value_list">
		<record min_value="-1" max_value="0.50" appearance="mustermann/pizza/slices/gkh0" image_aligment="centre_x,centre_y" red_replacement="pizza_keeper" blue_replacement="pizza_keeper_border" colour="" hidden="false"/>
		<record min_value="0.50" max_value="1.00" appearance="mustermann/pizza/slices/gkh5" image_aligment="centre_x,centre_y" red_replacement="pizza_keeper" blue_replacement="pizza_keeper_border" colour="" hidden="false"/>
		<record min_value="1.00" max_value="1.50" appearance="mustermann/pizza/slices/gkh10" image_aligment="centre_x,centre_y" red_replacement="pizza_keeper" blue_replacement="pizza_keeper_border" colour="" hidden="false"/>
		<record min_value="1.50" max_value="2.00" appearance="mustermann/pizza/slices/gkh15" image_aligment="centre_x,centre_y" red_replacement="pizza_keeper" blue_replacement="pizza_keeper_border" colour="" hidden="false"/>
		<record min_value="2.00" max_value="2.50" appearance="mustermann/pizza/slices/gkh20" image_aligment="centre_x,centre_y" red_replacement="pizza_keeper" blue_replacement="pizza_keeper_border" colour="" hidden="false"/>
		<record min_value="2.50" max_value="3.00" appearance="mustermann/pizza/slices/gkh25" image_aligment="centre_x,centre_y" red_replacement="pizza_keeper" blue_replacement="pizza_keeper_border" colour="" hidden="false"/>
		<record min_value="3.00" max_value="3.50" appearance="mustermann/pizza/slices/gkh30" image_aligment="centre_x,centre_y" red_replacement="pizza_keeper" blue_replacement="pizza_keeper_border" colour="" hidden="false"/>
		<record min_value="3.50" max_value="4.00" appearance="mustermann/pizza/slices/gkh35" image_aligment="centre_x,centre_y" red_replacement="pizza_keeper" blue_replacement="pizza_keeper_border" colour="" hidden="false"/>
		<record min_value="4.00" max_value="4.50" appearance="mustermann/pizza/slices/gkh40" image_aligment="centre_x,centre_y" red_replacement="pizza_keeper" blue_replacement="pizza_keeper_border" colour="" hidden="false"/>
		<record min_value="4.50" max_value="5.00" appearance="mustermann/pizza/slices/gkh45" image_aligment="centre_x,centre_y" red_replacement="pizza_keeper" blue_replacement="pizza_keeper_border" colour="" hidden="false"/>
		<record min_value="5.00" max_value="5.50" appearance="mustermann/pizza/slices/gkh50" image_aligment="centre_x,centre_y" red_replacement="pizza_keeper" blue_replacement="pizza_keeper_border" colour="" hidden="false"/>
		<record min_value="5.50" max_value="6.00" appearance="mustermann/pizza/slices/gkh55" image_aligment="centre_x,centre_y" red_replacement="pizza_keeper" blue_replacement="pizza_keeper_border" colour="" hidden="false"/>
		<record min_value="6.00" max_value="6.50" appearance="mustermann/pizza/slices/gkh60" image_aligment="centre_x,centre_y" red_replacement="pizza_keeper" blue_replacement="pizza_keeper_border" colour="" hidden="false"/>
		<record min_value="6.50" max_value="7.00" appearance="mustermann/pizza/slices/gkh65" image_aligment="centre_x,centre_y" red_replacement="pizza_keeper" blue_replacement="pizza_keeper_border" colour="" hidden="false"/>
		<record min_value="7.00" max_value="8.00" appearance="mustermann/pizza/slices/gkh70" image_aligment="centre_x,centre_y" red_replacement="pizza_keeper" blue_replacement="pizza_keeper_border" colour="" hidden="false"/>
		<record min_value="8.00" max_value="8.50" appearance="mustermann/pizza/slices/gkh75" image_aligment="centre_x,centre_y" red_replacement="pizza_keeper" blue_replacement="pizza_keeper_border" colour="" hidden="false"/>
		<record min_value="8.50" max_value="9.00" appearance="mustermann/pizza/slices/gkh80" image_aligment="centre_x,centre_y" red_replacement="pizza_keeper" blue_replacement="pizza_keeper_border" colour="" hidden="false"/>
		<record min_value="9.00" max_value="9.00" appearance="mustermann/pizza/slices/gkh85" image_aligment="centre_x,centre_y" red_replacement="pizza_keeper" blue_replacement="pizza_keeper_border" colour="" hidden="false"/>
		<record min_value="9.00" max_value="10.00" appearance="mustermann/pizza/slices/gkh90" image_aligment="centre_x,centre_y" red_replacement="pizza_keeper" blue_replacement="pizza_keeper_border" colour="" hidden="false"/>
		<record min_value="10.00" max_value="12.00" appearance="mustermann/pizza/slices/gkh95" image_aligment="centre_x,centre_y" red_replacement="pizza_keeper" blue_replacement="pizza_keeper_border" colour="" hidden="false"/>
		<record min_value="12.00" max_value="1000" appearance="mustermann/pizza/slices/gkh99" image_aligment="centre_x,centre_y" red_replacement="pizza_keeper" blue_replacement="pizza_keeper_border" colour="" hidden="false"/>
	</list>
</class>