<class class="pizza_centre_back_drb" parent="match_rating_label" font="transparent" size="0" should_recolour="false" fixed_appearance_alignment="bottom" image_aligment="centre_x,centre_y">
	<list id="value_list">
		<record min_value="-1" max_value="0.03" appearance="mustermann/pizza/slices/l0" image_aligment="centre_x,centre_y" red_replacement="pizza_possess" blue_replacement="pizza_possess_border" colour="" hidden="false"/>
		<record min_value="0.03" max_value="0.05" appearance="mustermann/pizza/slices/l5" image_aligment="centre_x,centre_y" red_replacement="pizza_possess" blue_replacement="pizza_possess_border" colour="" hidden="false"/>
		<record min_value="0.05" max_value="0.06" appearance="mustermann/pizza/slices/l10" image_aligment="centre_x,centre_y" red_replacement="pizza_possess" blue_replacement="pizza_possess_border" colour="" hidden="false"/>
		<record min_value="0.06" max_value="0.07" appearance="mustermann/pizza/slices/l15" image_aligment="centre_x,centre_y" red_replacement="pizza_possess" blue_replacement="pizza_possess_border" colour="" hidden="false"/>
		<record min_value="0.07" max_value="0.08" appearance="mustermann/pizza/slices/l20" image_aligment="centre_x,centre_y" red_replacement="pizza_possess" blue_replacement="pizza_possess_border" colour="" hidden="false"/>
		<record min_value="0.08" max_value="0.09" appearance="mustermann/pizza/slices/l25" image_aligment="centre_x,centre_y" red_replacement="pizza_possess" blue_replacement="pizza_possess_border" colour="" hidden="false"/>
		<record min_value="0.09" max_value="0.10" appearance="mustermann/pizza/slices/l30" image_aligment="centre_x,centre_y" red_replacement="pizza_possess" blue_replacement="pizza_possess_border" colour="" hidden="false"/>
		<record min_value="0.10" max_value="0.11" appearance="mustermann/pizza/slices/l35" image_aligment="centre_x,centre_y" red_replacement="pizza_possess" blue_replacement="pizza_possess_border" colour="" hidden="false"/>
		<record min_value="0.11" max_value="0.12" appearance="mustermann/pizza/slices/l40" image_aligment="centre_x,centre_y" red_replacement="pizza_possess" blue_replacement="pizza_possess_border" colour="" hidden="false"/>
		<record min_value="0.12" max_value="0.14" appearance="mustermann/pizza/slices/l45" image_aligment="centre_x,centre_y" red_replacement="pizza_possess" blue_replacement="pizza_possess_border" colour="" hidden="false"/>
		<record min_value="0.14" max_value="0.15" appearance="mustermann/pizza/slices/l50" image_aligment="centre_x,centre_y" red_replacement="pizza_possess" blue_replacement="pizza_possess_border" colour="" hidden="false"/>
		<record min_value="0.15" max_value="0.17" appearance="mustermann/pizza/slices/l55" image_aligment="centre_x,centre_y" red_replacement="pizza_possess" blue_replacement="pizza_possess_border" colour="" hidden="false"/>
		<record min_value="0.17" max_value="0.19" appearance="mustermann/pizza/slices/l60" image_aligment="centre_x,centre_y" red_replacement="pizza_possess" blue_replacement="pizza_possess_border" colour="" hidden="false"/>
		<record min_value="0.19" max_value="0.21" appearance="mustermann/pizza/slices/l65" image_aligment="centre_x,centre_y" red_replacement="pizza_possess" blue_replacement="pizza_possess_border" colour="" hidden="false"/>
		<record min_value="0.21" max_value="0.24" appearance="mustermann/pizza/slices/l70" image_aligment="centre_x,centre_y" red_replacement="pizza_possess" blue_replacement="pizza_possess_border" colour="" hidden="false"/>
		<record min_value="0.24" max_value="0.27" appearance="mustermann/pizza/slices/l75" image_aligment="centre_x,centre_y" red_replacement="pizza_possess" blue_replacement="pizza_possess_border" colour="" hidden="false"/>
		<record min_value="0.27" max_value="0.32" appearance="mustermann/pizza/slices/l80" image_aligment="centre_x,centre_y" red_replacement="pizza_possess" blue_replacement="pizza_possess_border" colour="" hidden="false"/>
		<record min_value="0.32" max_value="0.41" appearance="mustermann/pizza/slices/l85" image_aligment="centre_x,centre_y" red_replacement="pizza_possess" blue_replacement="pizza_possess_border" colour="" hidden="false"/>
		<record min_value="0.41" max_value="0.60" appearance="mustermann/pizza/slices/l90" image_aligment="centre_x,centre_y" red_replacement="pizza_possess" blue_replacement="pizza_possess_border" colour="" hidden="false"/>
		<record min_value="0.60" max_value="1.17" appearance="mustermann/pizza/slices/l95" image_aligment="centre_x,centre_y" red_replacement="pizza_possess" blue_replacement="pizza_possess_border" colour="" hidden="false"/>
		<record min_value="1.17" max_value="1000" appearance="mustermann/pizza/slices/l99" image_aligment="centre_x,centre_y" red_replacement="pizza_possess" blue_replacement="pizza_possess_border" colour="" hidden="false"/>
	</list>
</class>