<class class="pizza_full_back_tck" parent="match_rating_label" font="transparent" size="0" should_recolour="false" fixed_appearance_alignment="bottom" image_aligment="centre_x,centre_y">
	<list id="value_list">
		<record min_value="-1" max_value="1.58" appearance="mustermann/pizza/slices/g0" image_aligment="centre_x,centre_y" red_replacement="pizza_defend" blue_replacement="pizza_defend_border" colour="" hidden="false"/>
		<record min_value="1.58" max_value="1.92" appearance="mustermann/pizza/slices/g5" image_aligment="centre_x,centre_y" red_replacement="pizza_defend" blue_replacement="pizza_defend_border" colour="" hidden="false"/>
		<record min_value="1.92" max_value="2.12" appearance="mustermann/pizza/slices/g10" image_aligment="centre_x,centre_y" red_replacement="pizza_defend" blue_replacement="pizza_defend_border" colour="" hidden="false"/>
		<record min_value="2.12" max_value="2.27" appearance="mustermann/pizza/slices/g15" image_aligment="centre_x,centre_y" red_replacement="pizza_defend" blue_replacement="pizza_defend_border" colour="" hidden="false"/>
		<record min_value="2.27" max_value="2.38" appearance="mustermann/pizza/slices/g20" image_aligment="centre_x,centre_y" red_replacement="pizza_defend" blue_replacement="pizza_defend_border" colour="" hidden="false"/>
		<record min_value="2.38" max_value="2.48" appearance="mustermann/pizza/slices/g25" image_aligment="centre_x,centre_y" red_replacement="pizza_defend" blue_replacement="pizza_defend_border" colour="" hidden="false"/>
		<record min_value="2.48" max_value="2.57" appearance="mustermann/pizza/slices/g30" image_aligment="centre_x,centre_y" red_replacement="pizza_defend" blue_replacement="pizza_defend_border" colour="" hidden="false"/>
		<record min_value="2.57" max_value="2.65" appearance="mustermann/pizza/slices/g35" image_aligment="centre_x,centre_y" red_replacement="pizza_defend" blue_replacement="pizza_defend_border" colour="" hidden="false"/>
		<record min_value="2.65" max_value="2.73" appearance="mustermann/pizza/slices/g40" image_aligment="centre_x,centre_y" red_replacement="pizza_defend" blue_replacement="pizza_defend_border" colour="" hidden="false"/>
		<record min_value="2.73" max_value="2.80" appearance="mustermann/pizza/slices/g45" image_aligment="centre_x,centre_y" red_replacement="pizza_defend" blue_replacement="pizza_defend_border" colour="" hidden="false"/>
		<record min_value="2.80" max_value="2.87" appearance="mustermann/pizza/slices/g50" image_aligment="centre_x,centre_y" red_replacement="pizza_defend" blue_replacement="pizza_defend_border" colour="" hidden="false"/>
		<record min_value="2.87" max_value="2.94" appearance="mustermann/pizza/slices/g55" image_aligment="centre_x,centre_y" red_replacement="pizza_defend" blue_replacement="pizza_defend_border" colour="" hidden="false"/>
		<record min_value="2.94" max_value="3.01" appearance="mustermann/pizza/slices/g60" image_aligment="centre_x,centre_y" red_replacement="pizza_defend" blue_replacement="pizza_defend_border" colour="" hidden="false"/>
		<record min_value="3.01" max_value="3.08" appearance="mustermann/pizza/slices/g65" image_aligment="centre_x,centre_y" red_replacement="pizza_defend" blue_replacement="pizza_defend_border" colour="" hidden="false"/>
		<record min_value="3.08" max_value="3.16" appearance="mustermann/pizza/slices/g70" image_aligment="centre_x,centre_y" red_replacement="pizza_defend" blue_replacement="pizza_defend_border" colour="" hidden="false"/>
		<record min_value="3.16" max_value="3.26" appearance="mustermann/pizza/slices/g75" image_aligment="centre_x,centre_y" red_replacement="pizza_defend" blue_replacement="pizza_defend_border" colour="" hidden="false"/>
		<record min_value="3.26" max_value="3.37" appearance="mustermann/pizza/slices/g80" image_aligment="centre_x,centre_y" red_replacement="pizza_defend" blue_replacement="pizza_defend_border" colour="" hidden="false"/>
		<record min_value="3.37" max_value="3.51" appearance="mustermann/pizza/slices/g85" image_aligment="centre_x,centre_y" red_replacement="pizza_defend" blue_replacement="pizza_defend_border" colour="" hidden="false"/>
		<record min_value="3.51" max_value="3.74" appearance="mustermann/pizza/slices/g90" image_aligment="centre_x,centre_y" red_replacement="pizza_defend" blue_replacement="pizza_defend_border" colour="" hidden="false"/>
		<record min_value="3.74" max_value="4.16" appearance="mustermann/pizza/slices/g95" image_aligment="centre_x,centre_y" red_replacement="pizza_defend" blue_replacement="pizza_defend_border" colour="" hidden="false"/>
		<record min_value="4.16" max_value="1000" appearance="mustermann/pizza/slices/g99" image_aligment="centre_x,centre_y" red_replacement="pizza_defend" blue_replacement="pizza_defend_border" colour="" hidden="false"/>
	</list>
</class>