<class class="pizza_striker_passes" parent="match_rating_label" font="transparent" size="0" should_recolour="false" fixed_appearance_alignment="bottom" image_aligment="centre_x,centre_y">
	<list id="value_list">
		<record min_value="-1" max_value="16.93" appearance="mustermann/pizza/slices/j0" image_aligment="centre_x,centre_y" red_replacement="pizza_possess" blue_replacement="pizza_possess_border" colour="" hidden="false"/>
		<record min_value="16.93" max_value="17.88" appearance="mustermann/pizza/slices/j5" image_aligment="centre_x,centre_y" red_replacement="pizza_possess" blue_replacement="pizza_possess_border" colour="" hidden="false"/>
		<record min_value="17.88" max_value="18.57" appearance="mustermann/pizza/slices/j10" image_aligment="centre_x,centre_y" red_replacement="pizza_possess" blue_replacement="pizza_possess_border" colour="" hidden="false"/>
		<record min_value="18.57" max_value="19.27" appearance="mustermann/pizza/slices/j15" image_aligment="centre_x,centre_y" red_replacement="pizza_possess" blue_replacement="pizza_possess_border" colour="" hidden="false"/>
		<record min_value="19.27" max_value="19.82" appearance="mustermann/pizza/slices/j20" image_aligment="centre_x,centre_y" red_replacement="pizza_possess" blue_replacement="pizza_possess_border" colour="" hidden="false"/>
		<record min_value="19.82" max_value="20.39" appearance="mustermann/pizza/slices/j25" image_aligment="centre_x,centre_y" red_replacement="pizza_possess" blue_replacement="pizza_possess_border" colour="" hidden="false"/>
		<record min_value="20.39" max_value="20.91" appearance="mustermann/pizza/slices/j30" image_aligment="centre_x,centre_y" red_replacement="pizza_possess" blue_replacement="pizza_possess_border" colour="" hidden="false"/>
		<record min_value="20.91" max_value="21.35" appearance="mustermann/pizza/slices/j35" image_aligment="centre_x,centre_y" red_replacement="pizza_possess" blue_replacement="pizza_possess_border" colour="" hidden="false"/>
		<record min_value="21.35" max_value="21.83" appearance="mustermann/pizza/slices/j40" image_aligment="centre_x,centre_y" red_replacement="pizza_possess" blue_replacement="pizza_possess_border" colour="" hidden="false"/>
		<record min_value="21.83" max_value="22.30" appearance="mustermann/pizza/slices/j45" image_aligment="centre_x,centre_y" red_replacement="pizza_possess" blue_replacement="pizza_possess_border" colour="" hidden="false"/>
		<record min_value="22.30" max_value="22.83" appearance="mustermann/pizza/slices/j50" image_aligment="centre_x,centre_y" red_replacement="pizza_possess" blue_replacement="pizza_possess_border" colour="" hidden="false"/>
		<record min_value="22.83" max_value="23.35" appearance="mustermann/pizza/slices/j55" image_aligment="centre_x,centre_y" red_replacement="pizza_possess" blue_replacement="pizza_possess_border" colour="" hidden="false"/>
		<record min_value="23.35" max_value="23.89" appearance="mustermann/pizza/slices/j60" image_aligment="centre_x,centre_y" red_replacement="pizza_possess" blue_replacement="pizza_possess_border" colour="" hidden="false"/>
		<record min_value="23.89" max_value="24.56" appearance="mustermann/pizza/slices/j65" image_aligment="centre_x,centre_y" red_replacement="pizza_possess" blue_replacement="pizza_possess_border" colour="" hidden="false"/>
		<record min_value="24.56" max_value="25.32" appearance="mustermann/pizza/slices/j70" image_aligment="centre_x,centre_y" red_replacement="pizza_possess" blue_replacement="pizza_possess_border" colour="" hidden="false"/>
		<record min_value="25.32" max_value="26.19" appearance="mustermann/pizza/slices/j75" image_aligment="centre_x,centre_y" red_replacement="pizza_possess" blue_replacement="pizza_possess_border" colour="" hidden="false"/>
		<record min_value="26.19" max_value="27.43" appearance="mustermann/pizza/slices/j80" image_aligment="centre_x,centre_y" red_replacement="pizza_possess" blue_replacement="pizza_possess_border" colour="" hidden="false"/>
		<record min_value="27.43" max_value="28.88" appearance="mustermann/pizza/slices/j85" image_aligment="centre_x,centre_y" red_replacement="pizza_possess" blue_replacement="pizza_possess_border" colour="" hidden="false"/>
		<record min_value="28.88" max_value="31.37" appearance="mustermann/pizza/slices/j90" image_aligment="centre_x,centre_y" red_replacement="pizza_possess" blue_replacement="pizza_possess_border" colour="" hidden="false"/>
		<record min_value="31.37" max_value="38.29" appearance="mustermann/pizza/slices/j95" image_aligment="centre_x,centre_y" red_replacement="pizza_possess" blue_replacement="pizza_possess_border" colour="" hidden="false"/>
		<record min_value="38.29" max_value="1000" appearance="mustermann/pizza/slices/j99" image_aligment="centre_x,centre_y" red_replacement="pizza_possess" blue_replacement="pizza_possess_border" colour="" hidden="false"/>
	</list>
</class>