<class class="pizza_attacking_midfielder_posslost" parent="match_rating_label" font="transparent" size="0" should_recolour="false" fixed_appearance_alignment="bottom" image_aligment="centre_x,centre_y">
	<list id="value_list">
		<record min_value="21.67" max_value="1000" appearance="mustermann/pizza/slices/i0" image_aligment="centre_x,centre_y" red_replacement="pizza_possess" blue_replacement="pizza_possess_border" colour="" hidden="false"/>
		<record min_value="18.60" max_value="21.67" appearance="mustermann/pizza/slices/i5" image_aligment="centre_x,centre_y" red_replacement="pizza_possess" blue_replacement="pizza_possess_border" colour="" hidden="false"/>
		<record min_value="17.27" max_value="18.60" appearance="mustermann/pizza/slices/i10" image_aligment="centre_x,centre_y" red_replacement="pizza_possess" blue_replacement="pizza_possess_border" colour="" hidden="false"/>
		<record min_value="16.54" max_value="17.27" appearance="mustermann/pizza/slices/i15" image_aligment="centre_x,centre_y" red_replacement="pizza_possess" blue_replacement="pizza_possess_border" colour="" hidden="false"/>
		<record min_value="15.93" max_value="16.54" appearance="mustermann/pizza/slices/i20" image_aligment="centre_x,centre_y" red_replacement="pizza_possess" blue_replacement="pizza_possess_border" colour="" hidden="false"/>
		<record min_value="15.50" max_value="15.93" appearance="mustermann/pizza/slices/i25" image_aligment="centre_x,centre_y" red_replacement="pizza_possess" blue_replacement="pizza_possess_border" colour="" hidden="false"/>
		<record min_value="15.14" max_value="15.50" appearance="mustermann/pizza/slices/i30" image_aligment="centre_x,centre_y" red_replacement="pizza_possess" blue_replacement="pizza_possess_border" colour="" hidden="false"/>
		<record min_value="14.76" max_value="15.14" appearance="mustermann/pizza/slices/i35" image_aligment="centre_x,centre_y" red_replacement="pizza_possess" blue_replacement="pizza_possess_border" colour="" hidden="false"/>
		<record min_value="14.45" max_value="14.76" appearance="mustermann/pizza/slices/i40" image_aligment="centre_x,centre_y" red_replacement="pizza_possess" blue_replacement="pizza_possess_border" colour="" hidden="false"/>
		<record min_value="14.12" max_value="14.45" appearance="mustermann/pizza/slices/i45" image_aligment="centre_x,centre_y" red_replacement="pizza_possess" blue_replacement="pizza_possess_border" colour="" hidden="false"/>
		<record min_value="13.81" max_value="14.12" appearance="mustermann/pizza/slices/i50" image_aligment="centre_x,centre_y" red_replacement="pizza_possess" blue_replacement="pizza_possess_border" colour="" hidden="false"/>
		<record min_value="13.48" max_value="13.81" appearance="mustermann/pizza/slices/i55" image_aligment="centre_x,centre_y" red_replacement="pizza_possess" blue_replacement="pizza_possess_border" colour="" hidden="false"/>
		<record min_value="13.17" max_value="13.48" appearance="mustermann/pizza/slices/i60" image_aligment="centre_x,centre_y" red_replacement="pizza_possess" blue_replacement="pizza_possess_border" colour="" hidden="false"/>
		<record min_value="12.79" max_value="13.17" appearance="mustermann/pizza/slices/i65" image_aligment="centre_x,centre_y" red_replacement="pizza_possess" blue_replacement="pizza_possess_border" colour="" hidden="false"/>
		<record min_value="12.44" max_value="12.79" appearance="mustermann/pizza/slices/i70" image_aligment="centre_x,centre_y" red_replacement="pizza_possess" blue_replacement="pizza_possess_border" colour="" hidden="false"/>
		<record min_value="12.01" max_value="12.44" appearance="mustermann/pizza/slices/i75" image_aligment="centre_x,centre_y" red_replacement="pizza_possess" blue_replacement="pizza_possess_border" colour="" hidden="false"/>
		<record min_value="11.55" max_value="12.01" appearance="mustermann/pizza/slices/i80" image_aligment="centre_x,centre_y" red_replacement="pizza_possess" blue_replacement="pizza_possess_border" colour="" hidden="false"/>
		<record min_value="11.04" max_value="11.55" appearance="mustermann/pizza/slices/i85" image_aligment="centre_x,centre_y" red_replacement="pizza_possess" blue_replacement="pizza_possess_border" colour="" hidden="false"/>
		<record min_value="10.35" max_value="11.04" appearance="mustermann/pizza/slices/i90" image_aligment="centre_x,centre_y" red_replacement="pizza_possess" blue_replacement="pizza_possess_border" colour="" hidden="false"/>
		<record min_value="9.42" max_value="10.35" appearance="mustermann/pizza/slices/i95" image_aligment="centre_x,centre_y" red_replacement="pizza_possess" blue_replacement="pizza_possess_border" colour="" hidden="false"/>
		<record min_value="0" max_value="9.42" appearance="mustermann/pizza/slices/i99" image_aligment="centre_x,centre_y" red_replacement="pizza_possess" blue_replacement="pizza_possess_border" colour="" hidden="false"/>
		<record min_value="-1" max_value="0" appearance="mustermann/pizza/slices/i0" image_aligment="centre_x,centre_y" red_replacement="pizza_possess" blue_replacement="pizza_possess_border" colour="" hidden="false"/>
	</list>
</class>