﻿<panel>
	<attachment_group class="vertical_arrange_autosize" vertical_gap="0" />

	<!--icon to expand -->
	<flags id="miBI" value="icons/16px/show top bar" />
	<!--icon to expand -->
	<flags id="maBI" value="icons/16px/show bottom bar" />

	<container>
		<attachment_group class="horizontal_arrange_vertical_autosize" horizontal_alignment="left,extend" horizontal_gap="0"/>

		<!-- TOP LAYER -->
		<container navigation_container="true">
			<attachment_group class="horizontal_arrange_autosize_all" horizontal_gap="0" />

			<!-- Hot seat switcher -->
			<widget id="TeSe" class="match_team_selector_panel" width="60" height="30">
				<record id="object_property" get_property="objt" set_property="objt" />
			</widget>
		</container>

		<!-- LAPTOP BATTERY POWER -->
		<container height="30">
			<attachment_group class="horizontal_arrange" horizontal_alignment="right,extend" horizontal_offset="0" vertical_inset="0" horizontal_gap="0" />

			<widget class="spacer" />
			
				<!-- CONSOLE -->
			<container class="inner_box" appearance="boxes/contrast/no margin/middle/paper" red_replacement="bg" height="30">
				<attachment_group class="horizontal_arrange_autosize" horizontal_alignment="left" horizontal_gap="2" />

				<container>
					<attachment_group class="horizontal_arrange_autosize" horizontal_gap="4"/>

					<record id="default_properties" auto_size="horizontal" appearance="buttons/custom/match/bottom bar/split/middle/button" default_focus="true" font="title" colour="text" size="small" />

					<!-- TACTICS AND SUBS -->
					<widget class="icon_button" id="tact" secondary_icon="icons/16px/maximise" secondary_icon_enabled="true" icon="icons/16px/tactics" appearance="buttons/custom/over state only/button" click_event="EsFT" controller_button="start_button" auto_size_maximum_width="160">
						<translation id="text" translation_id="229302" type="use" value="Tactics &amp; Subs[COMMENT: AREA; match UI; SUB-AREA: heading; NOTE: text for section allowing user to make tactics changes and/or subs]" />
					</widget>

					<!--MAKE SUB-->
					<widget class="icon_button" id="qsub" icon="icons/16px/refresh"  appearance="buttons/custom/over state only/button" auto_size="horizontal" secondary_icon="icons/16px/maximise" secondary_icon_enabled="true" >
						<translation id="text" translation_id="454740" type="use" value="Make Sub[COMMENT: match tactics shortcuts, change tactics dialog title, Sub is an abbreviation for Substitution]" />
					</widget>	

					<!-- MENTALITY -->
					<widget class="mentality_table_popup_button" id="ment" icon="icons/16px/mentality" alignment="centre" icon_alignment="centre" secondary_icon_alignment="centre" >
						<translation id="hint" translation_id="348297" type="use" value="Select your match mentality[COMMENT: team instructions: match mentality hint]" />
					</widget>

					<widget class="team_instructions_panel" id="ShIP" file="team/team instructions button panel match" icon="icons/16px/squad" appearance="buttons/custom/over state only/button" width="133">
						<record id="click_event">
							<flags id="event_id" value="tinD" />
							<flags id="type" value="poSE" />
						</record>
					</widget>				
				</container>
			</container>

			<!-- TOP RIGHT -->
			<container class="inner_box" appearance="boxes/contrast/no margin/top right/paper" red_replacement="bg" height="30" >
				<attachment_group class="horizontal_arrange_autosize" />

				<!--shouts-->
				<widget class="widget_popup_button" id="shou" popup_alignment="right,top" widget_type="match_tactic_popup_panel" icon="icons/16px/team talk" alignment="centre" icon_alignment="centre" secondary_icon_alignment="centre"  auto_size="horizontal" default_focus="true" font="title" colour="text" size="small" appearance="buttons/custom/over state only/button">
					<translation id="text" translation_id="319627" type="use" value="Shouts[COMMENT: sections.xml, touchline shoust header text]" />
					<translation id="hint" translation_id="516090" type="use" value="Shouts allow for motivational instructions to be issued to the players on the pitch.[COMMENT: AREA: Match; SUB-AREA: Shouts; NOTE: hint text for the Shouts button]" />
					<record id="modal_popup_properties">
						<boolean id="darkened" value="false" />
						<boolean id="attempt_to_reposition" value="true" />
					</record>
					<record id="widget_properties">
						<string id="file" value="match/match tactic popup panel shout" />
					</record>
				</widget>			
			</container>

			<container navigation_container="true">
				<attachment_group class="horizontal_arrange_autosize" horizontal_gap="0">
					<global id="horizontal_offset" name="ui.safe_area_left"/>
				</attachment_group>

				<container class="inner_box" appearance="boxes/contrast/no margin/top left/paper" red_replacement="bg lighter">
					<attachment_group class="horizontal_arrange_autosize_vertical_centre" horizontal_gap="0" horizontal_offset="2" />
					<!-- battery indicator, only shows up for laptops -->
					<widget class="battery_power_indicator" width="20" height="20">
					</widget>
					<widget class="icon_button" appearance="buttons/custom/over state only/button" icon_alignment="centre" icon="icons/16px/show me" id="Stab" width="30" height="30">
						<record id="click_event">
							<flags id="event_id" value="TtaV" />
							<integer id="evfl" value="7" />
							<flags id="evtg" value="root" />
						</record>
					</widget>
				</container>
				<container class="main_box_no_margin" background_colour="black" height="30" width="30">
					<layout class="stick_to_sides_attachment" alignment="all" apply_to_children="true" inset="0" />
					<widget class="icon_button" appearance="buttons/custom/over state only/square/button" icon_alignment="centre" click_event="Emmb" id="mmbt" />
				</container>
			</container>
		</container>
	</container>
	<container class="main_box_no_margin" height="130" background_colour="bg lighter" id="mBar">
		<layout class="stick_to_sides_attachment" apply_to_children="true"/>

		<container navigation_container="true">
			<attachment_group class="horizontal_arrange" horizontal_alignment="left,extend" horizontal_gap="0" />

<!-- EDIT THIS LINE TO ADJUST WEBCAM WIDTH -->
<container width="400" />

			<container >
				<attachment_group class="horizontal_arrange" horizontal_alignment="right,extend" horizontal_gap="0" />

				<container>
					<layout class="stick_to_sides_attachment" alignment="all" apply_to_children="true" inset="0" />

					<widget class="match_players_bar_panel" id="plbr">
						<record id="object_property" get_property="objt" set_property="objt" />
					</widget>

					<widget class="match_players_bar_panel" id="subr" hidden="true" include_current_subs="true">
						<record id="object_property" get_property="objt" set_property="objt" />
					</widget>
				</container>

				<container class="main_box_no_margin" background_colour="black" width="30">
					<layout class="stick_to_sides_attachment" alignment="all" apply_to_children="true" />

					<widget class="icon_button" id="sutg" click_event="tgsu" style="vertical" font="title" size="large" alignment="centre" appearance="buttons/custom/over state only/square/button" colour="text" controller_button="x_button" gamepad_icon_alignment="centre_top">
					</widget>

				</container>
			</container>
		</container>

		<!--container when advanced changes have been made-->
		<container id="advc" navigation_container="true">

			<attachment class="test_screen_size_attachment" skip_if_false="true">
				<list id="properties">
					<!-- Each entry uses the previous entry as it's default/starting value so we only need to set some properties once -->
					<record>
						<flags id="alignment" value="horizontal" />
						<integer id="min_value" value="0" />
						<integer id="max_value" value="1066" />
						<symbol id="set_property" value="width" />
						<integer id="true_value" value="330" />
						<integer id="false_value" value="330" />
					</record>
					<record min_value="1066" max_value="1251" true_value="350"/>
					<record min_value="1251" max_value="1500" true_value="440"/>
					<record min_value="1501" max_value="1600" true_value="500"/>
					<record min_value="1601" max_value="1920" true_value="550"/>
					<record min_value="1921" max_value="10000" true_value="600"/>
				</list>
			</attachment>

			<attachment_group class="vertical_arrange" vertical_alignment="middle" horizontal_inset="10" />

			<!--explanatory text-->
			<widget class="text" alignment="centre" colour="text" auto_size="vertical" multiline="true">
				<translation id="text" translation_id="466457" type="use" value="Tactical changes will take effect at the next break in play[COMMENT: match screen; text showing that the user's tactical changes will take effect when the ball next goes out of play]" />
			</widget>

			<container height="30">
				<attachment_group class="horizontal_arrange" horizontal_alignment="middle">
					<global id="horizontal_gap" name="ui.button_row_gap" />
				</attachment_group>

				<!--edit pending changes button-->
				<widget class="icon_button" id="ediP" event_id="eptt" icon="icons/16px/edit" click_event="EsFT" auto_size="horizontal" appearance="buttons/subtle/normal/button">
					<translation id="text" translation_id="229690" type="use" value="Edit" />
				</widget>

				<!--cancel pending changes button-->
				<widget class="icon_button" id="canP" event_id="cptt" auto_size="horizontal" appearance="buttons/subtle/normal/button">
					<translation id="text" translation_id="229828" type="use" value="Cancel" />
				</widget>

			</container>
		</container>	

	</container>

</panel>
