<panel>
	<attachment_group class="horizontal_arrange" horizontal_layout="-14,-4 " horizontal_gap="8" />

	<flags id="required_attribute_row_appearance" value="tables/custom/attributes/required/row" />
	<flags id="preferred_attribute_row_appearance" value="tables/custom/attributes/preferred/row" />
	<flags id="not_important_attribute_row_appearance" value="tables/standard/row/normal/row" />

	<!-- Table properties to use for all attribute tables -->
	<record id="table_properties" mode="fill_rows, stripe_rows, printable" layout="-1, 14, 80, 33"
		row_height="21" row_spacing="1" default_sort_column="name">
		<list id="column_table_properties">
			<!-- Attribute name -->
			<record index="0" id="name" left="8" top="0">
				<record id="widget_info" class="text" alignment="left,centre_y" multiline="false" />
			</record>
			<!-- Attribute training improvement offset -->
			<record index="1" id="offs" sort_disabled="true">
				<record id="widget_info" class="training_improvement" />
			</record>
			<!-- Attribute value -->
			<record index="2" id="val " sort_disabled="true" column_alignment="centre" right="8">
				<record id="widget_info" class="attributeless" alignment="right,centre_y"
					style="bold" multiline="false" />
			</record>
			<!-- Attribute edit widget -->
			<record index="3" id="edit" sort_disabled="true">
				<record id="widget_info" class="editable_client_object_property_panel" />
			</record>
		</list>
	</record>

	<container class="tcs_box">
		<attachment_group class="horizontal_arrange" horizontal_alignment="fill"
			horizontal_offset="0" horizontal_gap="1" vertical_inset="0" />

		<!-- Technical Table -->
		<widget class="table" id="pltt" layout="-1">
			<list id="headings">
				<record index="0" alignment="left,centre_y" column_span="5" hide_sorting="true"
					disabled="true" font="title" colour="accent">
					<translation id="text" translation_id="229413" type="use" value="Technical" />
				</record>
			</list>
		</widget>
		<!-- Goalkeeping Table -->
		<widget class="table" id="plgk" layout="-1">
			<list id="headings">
				<record index="0" alignment="left,centre_y" column_span="5" hide_sorting="true"
					disabled="true" font="title" colour="accent">
					<translation id="text" translation_id="230024" type="use" value="Goalkeeping" />
				</record>
			</list>
		</widget>
		<!-- Mental Table -->
		<widget class="table" id="plmt" layout="-1">
			<list id="headings">
				<record index="0" alignment="left,centre_y" column_span="5" hide_sorting="true"
					disabled="true" font="title" colour="accent">
					<translation id="text" translation_id="230106" type="use" value="Mental" />
				</record>
			</list>
		</widget>

		<container>
			<layout class="arrange_vertical_attachment" alignment="top,extend" offset="0" />
			<layout class="stick_to_sides_attachment" alignment="horizontal" inset="0"
				apply_to_children="true" />

			<container>
				<attachment_group class="vertical_arrange_autosize" vertical_offset="0"
					horizontal_alignment="horizontal" horizontal_inset="0" />

				<!-- Physical Table -->
				<widget class="table" id="plpt" layout="-1" auto_size="vertical">
					<list id="headings">
						<record index="0" alignment="left,centre_y" column_span="5"
							hide_sorting="true" disabled="true" font="title" colour="accent">
							<translation id="text" translation_id="230003" type="use"
								value="Physical" />
						</record>
					</list>
				</widget>

				<!-- Extra technical table for GK -->
				<widget class="table" id="plgt" layout="-1" auto_size="vertical">
					<list id="headings">
						<record index="0" alignment="left,centre_y" column_span="5"
							hide_sorting="true" disabled="true" font="title" colour="accent">
							<translation id="text" translation_id="229413" type="use"
								value="Technical" />
						</record>
					</list>
				</widget>
			</container>

			<container>
				<layout class="stick_to_sides_attachment" alignment="all" inset="0"
					apply_to_children="true" />

				<!-- GK RATING -->
				<container id="GKRA">
					<layout class="stick_to_sides_attachment" alignment="all" inset="0"
						apply_to_children="true" />

					<record id="object_property" get_property="Pigo" set_property="hidn" />

					<!-- Additional attributes table -->
					<container class="client_object_viewer_xml_panel" id="attT">
						<layout class="stick_to_sides_attachment" alignment="all" inset="0"
							apply_to_children="true" />

						<widget class="table" layout="-1, 90" mode="fill_rows, printable"
							row_height="22" row_spacing="4">
							<record id="object_property" get_property="objt" set_property="objt" />
							<list id="column_table_properties">
								<record index="0" left="8" sort_disabled="true" />
								<record index="1" right="8" sort_disabled="true" />
							</list>

							<!-- Height-->
							<widget class="label" row="0" column="0">
								<record id="object_property" get_property="Phei" name="true" />
							</widget>
							<widget class="editable_client_object_property_panel" id="Phei" row="0"
								column="1" style="semi_bold">
								<record id="object_property" get_property="Phei" />
								<record id="widget_properties" alignment="right,centre_y" />
							</widget>
							<!-- Weight-->
							<widget class="label" row="1" column="0">
								<record id="object_property" get_property="Pwei" name="true" />
							</widget>
							<widget class="editable_client_object_property_panel" id="Pwei" row="1"
								column="1" style="semi_bold">
								<record id="object_property" get_property="Pwei" />
								<record id="widget_properties" alignment="right,centre_y" />
							</widget>

							<!-- Physical Condition -->
							<widget class="label" row="2" column="0">
								<translation id="text" translation_id="227793" type="use" />
							</widget>
							<!-- Changed the class type editable_client_object_property_panel to match the other working elements -->
							<widget class="editable_client_object_property_panel" id="PcOI" row="2"
								column="1" style="semi_bold">
								<!-- Added the record with the class type of player_condition_icon_widget to match the original panel-->
								<record id="widget_info" class="player_condition_icon_widget"
									appearance="" label_disabled="true" icon_alignment="right" />
								<record id="object_property" get_property="PcOI" />
								<record id="widget_properties" alignment="right,centre_y" />
								<flags id="appearance" value="" />
								<boolean id="label_disabled" value="true" />
								<boolean id="show_hover_popup_on_focus" value="true" />
							</widget>

							<!-- Match Sharpness -->
							<widget class="label" row="3" column="0">
								<translation id="text" translation_id="395316" type="use" />
							</widget>

							<!-- Changed the class type editable_client_object_property_panel to match the other working elements -->
							<widget class="editable_client_object_property_panel" id="PftI" row="3"
								column="1" style="semi_bold" auto_size="horizontal">
								<!-- Added the record with the class type of player_match_sharpness_icon_widget to match the original panel-->
								<record id="widget_info" class="player_match_sharpness_icon_widget"
									appearance="" label_disabled="true" icon_alignment="right" />
								<record id="object_property" get_property="PftI" />
								<record id="widget_properties" alignment="right,centre_y" />
								<flags id="appearance" value="" />
								<boolean id="label_disabled" value="true" />
								<boolean id="show_hover_popup_on_focus" value="true" />
							</widget>

							<!-- 	
							<widget class="label" row="4" column="0" >
								<record id="object_property" get_property="Pjad" name="true"/>
							</widget>
							<widget class="player_jadedness_widget" id="Pjad" row="4" column="1" style="semi_bold">
								<record id="object_property" get_property="Pjad"/>
							<record id="widget_properties" alignment="right,centre_y" style="semi_bold"/>
													</widget> -->

						</widget>
					</container>
				</container>

				<!-- Outfield rating -->
				<container id="OFRA">
					<layout class="stick_to_sides_attachment" apply_to_children="true" />

					<record id="object_property" get_property="Pigo" set_property="Shwn" />

					<!-- Additional attributes table -->
					<container>
						<layout class="stick_to_sides_attachment" alignment="all" inset="0"
							apply_to_children="true" />
						<record id="object_property" get_property="objt" set_property="objt" />

						<widget class="table" layout="-1, 80" mode="fill_rows, printable"
							row_height="22" row_spacing="0">
							<record id="object_property" get_property="objt" set_property="objt" />
							<list id="column_table_properties">
								<record index="0" left="8" sort_disabled="true" />
								<record index="1" right="8" sort_disabled="true" />
							</list>

							<!-- Height-->
							<widget class="label" row="0" column="0">
								<record id="object_property" get_property="Phei" name="true" />
							</widget>
							<widget class="editable_client_object_property_panel" id="Phei" row="0"
								column="1" style="semi_bold">
								<record id="object_property" get_property="Phei" />
								<record id="widget_properties" alignment="right,centre_y" />
							</widget>
							<!-- Weight-->
							<widget class="label" row="1" column="0">
								<record id="object_property" get_property="Pwei" name="true" />
							</widget>
							<widget class="editable_client_object_property_panel" id="Pwei" row="1"
								column="1" style="semi_bold">
								<record id="object_property" get_property="Pwei" />
								<record id="widget_properties" alignment="right,centre_y" />
							</widget>
							<widget class="label" row="2" column="0">
								<record id="object_property" get_property="PofR" name="true" />
							</widget>
							<widget class="editable_client_object_property_panel" id="Pwei" row="2"
								column="1" style="semi_bold">
								<record id="object_property" get_property="PofR" />
								<record id="widget_properties" alignment="right,centre_y" />
							</widget>
						</widget>
					</container>
				</container>


			</container>
		</container>
	</container>

	<!-- More attribute stuff-->
	<container class="client_object_viewer_xml_panel" id="atT2"
		file="player/player additional attributes panel">
		<record id="object_property" get_property="objt" set_property="objt" />
	</container>

</panel>