<panel save_session_state="true">
	<layout class="stick_to_sides_attachment" apply_to_children="true"/>
	<string id="skin_style" value="title link"/>
	
	<container class="main_box">
		<attachment_group class="vertical_arrange" vertical_alignment="top,extend" vertical_gap="4"/>
		
		<widget class="link_button" id="stit" height="20" auto_size="all" alignment="left,centre_y" />
		
		<widget class="object_list_table" id="stat" mode="hide_headings, no_scrolling, stripe_rows" row_height="21" fixed_size_rows="true" row_spacing="4" column_spacing="4">
			<list id="column_table_properties">
				<!-- Ranking -->
				<record id="csRS" width="40" left="5">
					<record id="widget_info" class="sortable_text" alignment="left,centre_y"/>
				</record>
				<!-- Team -->
				<record id="Ttea" width="24" dont_set_object="true">
					<record id="widget_info" class="object_portrait_picture" scale_picture="true" image_alignment="centre"/>
				</record>
				<!-- Person portrait -->
				<record id="Pers" width="-1">
					<record id="widget_info" class="person_button" alignment="centre_y,left" Pipl="true" dont_set_object="true"/>
				</record>
				<!-- Short stat value -->
				<record id="csSS" width="44" right="5">
					<record id="widget_info" class="label" size="large" style="bold" alignment="right,centre_y"/>
				</record>
			</list>
			<record id="viewed_property_ids">
				<record id="csRS"/>
				<record id="Ttea"/>
				<!-- <record id="port"/> -->
				<record id="Pers"/>
				<record id="PTIf"/>
				<record id="csSS"/>
			</record>
		</widget>
		
		<widget class="text" id="nomt" alignment="centre_x,top" hidden="true">
			<translation id="text" translation_id="260962" type="use" value="No matches played yet[COMMENT comp player stats panel: no matches: title]"/>
		</widget>
		
		<widget class="text" id="nory" alignment="centre_x,top" hidden="true">
			<translation id="text" translation_id="447506" type="use" value="No records set yet[COMMENT comp player stats panel: no records set but matches have started: title]"/>
		</widget>
	</container>
</panel>