<panel>
	<layout class="stick_to_sides_attachment" apply_to_children="true"/>

	<widget class="stadium_picture" id="STAp" file="none">
		<layout class="stick_to_sides_attachment" alignment="all" apply_to_children="true" inset="-50"/>

		<record id="object_property" get_property="objt" set_property="objt"/>
		<record id="default_properties" image_alignment="centre" scale_picture="true" keep_aspect_ratio="true"/>

		<widget class="picture" file="pictures/stadiums/stadium_bg"/>
		<widget class="picture" id="bkgd" file="pictures/stadiums/none_base" hidden="true"/>
		<widget class="picture" id="STPC"/>
	</widget>
</panel>