<panel should_force_refresh="true">
	<attachment_group class="vertical_arrange" vertical_alignment="top,extend"/>

	<container class="collapsable_box" appearance="tcs/boxes/main/trans/paper">
		<attachment_group class="vertical_arrange_autosize"/>

		<!-- HEADER -->
		<container class="horizontal_adaptive_container" gap="8" height="200">

			<!-- LEAGUE AND COMP LOGO -->
			<container priority="1">
				<attachment_group class="horizontal_arrange_autosize" horizontal_gap="8"/>

				<record id="default_properties" width="200"/>

				<container class="tcs_box" appearance="tcs/boxes/main/outline/alt/paper" rrep="tcs_bg_lighter" brep="primary">
					<layout class="stick_to_sides_attachment" apply_to_children="true" inset="8"/>

					<!-- CLUB LOGO -->
					<container class="object_portrait_picture" id="lepi" scale_picture="true" keep_aspect_ratio="true" image_alignment="centre">
						<record id="object_property" get_property="objt" set_property="objt"/>
					</container>
										
					<!-- BUTTON TO SHOW THE ID -->
					<widget class="button" appearance="tcs/buttons/text/button" id="cID1">
				
						<event id="click_event" event_id="TuiD"/>
					
						<!-- THIS EVENT HIDES THE ID BUTTON PANEL -->
						<attachment class="event_relay_attachment" event_id="TuiD">
							<record id="action_event">
								<flags id="event_id" value="hide"/>
								<flags id="event_target" value="cID1"/>
							</record>
						</attachment>

						<!-- THIS EVENT SHOWS THE CLOSE ID BUTTON -->
						<attachment class="event_relay_attachment" event_id="TuiD">
							<record id="action_event">
								<flags id="event_id" value="show"/>
								<flags id="event_target" value="cID2"/>
							</record>
						</attachment>
					
						<!-- THIS EVENT SHOWS THE UNIQUE ID BOX -->
						<attachment class="event_relay_attachment" event_id="TuiD">
							<record id="action_event">
								<flags id="event_id" value="show"/>
								<flags id="event_target" value="clID"/>
							</record>
						</attachment>
					</widget>

					<!-- BUTTON TO CLOSE THE ID -->
					<widget class="button" appearance="tcs/buttons/text/button" id="cID2" hidn="true">
				
						<event id="click_event" event_id="TuiD"/>
					
						<!-- THIS EVENT HIDES THE CLOSE ID BUTTON -->
						<attachment class="event_relay_attachment" event_id="TuiD">
							<record id="action_event">
								<flags id="event_id" value="hide"/>
								<flags id="event_target" value="cID2"/>
							</record>
						</attachment>
					
						<!-- THIS BUTTON SHOWS THE OPEN ID BUTTON -->
						<attachment class="event_relay_attachment" event_id="TuiD">
							<record id="action_event">
								<flags id="event_id" value="show"/>
								<flags id="event_target" value="cID1"/>
							</record>
						</attachment>
					
						<!-- THIS BUTTON CLOSES THE ID -->
						<attachment class="event_relay_attachment" event_id="TuiD">
							<record id="action_event">
								<flags id="event_id" value="hide"/>
								<flags id="event_target" value="clID"/>
							</record>
						</attachment>
					</widget>
					
					<!-- ID -->
					<container id="clID" hidn="true">
						<attachment_group class="horizontal_arrange" horizontal_alignment="middle"/>
						<animation class="slide_in_bottom_animation"/>

						<container width="160">
							<attachment_group class="vertical_arrange" vertical_alignment="bottom"/>
			
							<widget class="edit_box" width="150" height="16" select_on_focus="true" alignment="centre,centre_y" navigation_focus_target="false" wants_mouse_events="true" auto_size="vertical" appearance="tcs/boxes/uniqueid/box">
								<record id="object_property" get_property="id" set_property="valu"/>
							</widget>
						</container>
			
					</container>
				</container>

				<!-- COMPEITION LOGO -->
				<container>
					<layout class="stick_to_sides_attachment" apply_to_children="true"/>

					<!-- CONTAINER TO MAKE THE GAME LOAD EXTERNAL DETAILS -->
					<container class="client_object_viewer_xml_panel" file="none">
						<layout class="stick_to_sides_attachment" apply_to_children="true"/>

						<!-- GAME LOADS DATA FOR COMPETITIONS -->
						<record id="object_property" get_property="Ncni" set_property="objt"/>

						<container class="tcs_box" appearance="tcs/boxes/main/outline/alt/paper" rrep="tcs_bg_lighter">
							<layout class="stick_to_sides_attachment" apply_to_children="true"/>

							<!-- USES PREVIOUSLY LOADED DATA TO GET PRIMARY COLOUR FOR COMP -->
							<!-- THEN SETS IT AS THE BLUE_REPLACEMENT FIGURE -->
							<record id="object_property">
								<list id="get_properties">
									<record get_property="tbcl" set_property="brep"/>
								</list>
							</record>
						</container>
					</container>

					<!-- ANOTHER CONTAINER SO WE CAN APPLY AN 8px INSET -->
					<container>
						<layout class="stick_to_sides_attachment" alignment="all" inset="8" apply_to_children="true"/>
						<!-- CLUB LOGO -->
						<container class="object_portrait_picture" id="lepi" scale_picture="true" keep_aspect_ratio="true" image_alignment="centre">
							<record id="object_property" get_property="Ncni"/>
						</container>
					</container>

				</container>
			</container>
			
			<container class="team_container_information_overview_panel" default_width="-1" minimum_width="300" priority="2" id="fdlv" file="none">
				<attachment_group class="vertical_arrange" vertical_alignment="fill"/>
				<record id="object_property" get_property="objt" set_property="objt"/>

				<!-- TOP ROW -->
				<container class="tcs_table">
					<layout class="stick_to_sides_attachment" apply_to_children="true"/>

					<container class="horizontal_adaptive_container" gap="8">

						<record id="default_properties" default_width="-1" minimum_width="130"/>

						<!-- NATION -->
						<container priority="1">
							<attachment_group class="vertical_arrange_autosize"/>

							<widget class="label" auto_size="vertical" style="semi_bold">
								<record id="object_property" get_property="Ncni" name="true"/>
							</widget>
							<widget class="continent_button" auto_size="vertical">
								<record id="object_property" get_property="Ncni"/>
							</widget>
						</container>
						
						<!-- WORLD RANKING -->
						<container priority="2" id="wora">
							<layout class="vertical_arrange_autosize"/>

							<widget class="label" auto_size="vertical" style="semi_bold">
								<record id="object_property" get_property="Nffr" name="true"/>
							</widget>

							<widget class="fifa_ranking_label" alignment="left" id="wnum" icon_enabled="false" auto_size="vertical">
								<record id="object_property" get_property="Nffr"/>
							</widget>
						</container>
					</container>
				</container>

				<!-- 2nd ROW -->
				<container class="tcs_table_trans">
					<layout class="stick_to_sides_attachment" apply_to_children="true"/>

					<container class="horizontal_adaptive_container" gap="8">

						<record id="default_properties" default_width="-1" minimum_width="130"/>

						<!-- LEAGUE POS -->
						<container priority="1">
							<attachment_group class="vertical_arrange_autosize"/>

							<widget class="label" auto_size="vertical" style="semi_bold">
								<translation id="text" translation_id="319435" type="use"/>
							</widget>
							<widget class="text" alignment="left" auto_size="vertical">
								<record id="object_property" get_property="TCnn"/>
							</widget>
						</container>

						<!-- YOUTH FACILTIES -->
						<container priority="2">
							<attachment_group class="vertical_arrange_autosize"/>

							<widget class="label" auto_size="vertical" style="semi_bold">
								<record id="object_property" get_property="NYRt" name="true"/>
							</widget>
							<widget class="TEXT" auto_size="vertical" alignment="left">
								<record id="object_property" get_property="NYRt"/>
							</widget>
						</container>
					</container>
				</container>

				<!-- 3rd ROW -->
				<container class="tcs_table">
					<layout class="stick_to_sides_attachment" apply_to_children="true"/>

					<container class="horizontal_adaptive_container" gap="8">

						<record id="default_properties" default_width="-1" minimum_width="130"/>

						<!-- MEDIA EXPECTATION -->
						<container priority="1">
							<attachment_group class="vertical_arrange_autosize"/>

							<widget class="label" auto_size="vertical" style="semi_bold">
								<translation id="text" translation_id="257209" type="use"/>
							</widget>
							<widget class="region_label" alignment="left" auto_size="vertical">
								<record id="object_property" get_property="NrgR"/>
							</widget>
						</container>

						<!-- YOUTH FACILITIES -->
						<container priority="2">
							<attachment_group class="vertical_arrange_autosize"/>

							<widget class="label" auto_size="vertical" style="semi_bold">
								<translation id="text" translation_id="255008" type="use"/>
							</widget>
							<widget class="languages_text" auto_size="vertical" alignment="left" show_fluency="false">
								<record id="object_property" get_property="Nlan*"/>
							</widget>
						</container>
					</container>
				</container>

				<!-- 4th ROW -->
				<container class="tcs_table_trans">
					<layout class="stick_to_sides_attachment" apply_to_children="true"/>

					<container class="horizontal_adaptive_container" gap="8">

						<record id="default_properties" default_width="-1" minimum_width="130"/>

						<!-- MEDIA EXPECTATION -->
						<container priority="1">
							<attachment_group class="vertical_arrange_autosize" vertical_gap="-4"/>

							<widget class="label" auto_size="vertical" style="semi_bold">
								<translation id="text" value="Recent Form" type="use"/>
							</widget>
							<widget class="team_recent_form_widget" alignment="left,top">
								<record id="object_property" get_property="Tfrm"/>
							</widget>
						</container>

						<!-- YOUTH REC. -->
						<container priority="2">
							<attachment_group class="vertical_arrange_autosize"/>

							<widget class="label" auto_size="vertical" style="semi_bold">
								<translation id="text" value="Capital" type="use"/>
							</widget>
							<widget class="city_label" auto_size="vertical" alignment="left">
								<record id="object_property" get_property="Ncac"/>
							</widget>
						</container>
					</container>
				</container>
			</container>
			
			<!-- TROPHIES -->
			<container default_width="600" priority="3">
				<layout class="stick_to_sides_attachment" apply_to_children="true"/>
				<translation id="title" translation_id="" type="use" value="Kits[COMMENT: title for the club kits the club overview panel]"/>

				<widget class="team_container_honours_panel" id="tchp" file="club/tcs/fm24/overview/history/trophies" honour_subpanel_filename="club/tcs/fm24/overview/history/trophy info"  section="trov">
					<translation id="title" translation_id="321147" type="use" value="Trophies Won"/>
					<record id="object_property" get_property="objt" set_property="objt"/>
				</widget>

			</container>

		</container>
	</container>

	<!-- REST OF CONTENT -->
	<container>
		<layout class="stick_to_sides_attachment" apply_to_children="true"/>

		<!-- BOTTOM -->
		<container class="horizontal_adaptive_container" gap="8">

			<!-- LEFT -->
			<!-- LEAGUE TABLE AND RESULTS -->
			<container default_width="-560" priority="3" minimum_width="400" class="vertical_adaptive_container">

				<!-- RESULTS -->
				<container default_height="-200" priority="3" minimum_height="140">
					<layout class="stick_to_sides_attachment" apply_to_children="true"/>
		
					<container class="club_overview_team_results_panel" file="nation/tcs/overview/fixtures/results">
						<record id="object_property" get_property="objt" set_property="objt"/>
					</container>
				</container>
			
				<!-- UPCOMING FIXTURES -->
				<container class="tcs_box" default_height="-220" priority="2" minimum_height="180">
					<layout class="stick_to_sides_attachment" apply_to_children="true"/>
					
					<container class="title_link_box" hide_view_menu="true" format="date_and_days" section="TeFi">
						<translation id="link_title" translation_id="247353" type="use" value="Next Match"/>
						<layout class="stick_to_sides_attachment" apply_to_children="true"/>

						<widget class="team_upcoming_fixture_info_panel" id="tmip" file="team/team upcoming fixture info nation profile">
							<record id="object_property" get_property="NnfP" set_property="valu"/>
						</widget>

						<!-- NO UPCOMING FIXTURES -->
						<widget class="label" id="NoFi" alignment="left,top">
							<translation id="text" translation_id="298048" type="use" value="No upcoming fixtures."/>
						</widget>
					</container>
				</container>
				
				<!-- TABS -->
				<container class="tcs_box" default_height="-300" priority="1">
					<layout class="stick_to_sides_attachment" alignment="all" inset="0" apply_to_children="true"/>

					<container class="tcs_tabs" save_session_state="true" default_item="MPsp">
					
						<!-- COMPETITIONS -->
						<widget class="league_ranking_snapshot_panel" id="LRsp" priority="2" default_width="-1" minimum_width="300" navigation_container="true">
							<translation id="title" translation_id="258711" type="use"/>
							<record id="object_property" get_property="objt" set_property="objt"/>
						</widget>
						
						<!-- KEY PLAYERS -->
						<container class="client_object_viewer_xml_panel" file="nation/major players snapshot" id="MPsp" priority="1" default_width="-1" minimum_width="300" navigation_container="true">
							<translation id="title" translation_id="308470" type="use"/>
							<record id="object_property" get_property="objt" set_property="objt"/>
						</container>

						<!-- MAJOR CLUBS -->
						<widget class="major_clubs_snapshot_panel" id="MCsp" priority="1" default_width="-1" minimum_width="300" navigation_container="true">
							<translation id="title" translation_id="242897" type="use"/>
							<record id="object_property" get_property="objt" set_property="objt"/>
						</widget>
		
						<!-- TRANSFERS -->
						<widget class="transfer_snapshot_panel" id="TTsp" navigation_container="true">
							<translation id="title" translation_id="258713" type="use"/>
							<record id="object_property" get_property="objt" set_property="objt"/>
						</widget>
				
					</container>
				</container>
			</container>

			<!-- MIDDLE -->
			<container default_width="-600" priority="1" minimum_width="500">
				<translation id="title" translation_id="336543" type="use"/>
				<layout class="vertical_arrange" vertical_layout="360,-1" vertical_gap="8"/>

				<!-- STADIUM -->
				<container class="tcs_box">
					<layout class="stick_to_sides_attachment" apply_to_children="true"/>

					<!--STADIUM INFORMATION NOT AVAILABLE -->
					<widget class="text" id="NoSt" alignment="centre_x,centre_y" style="bold">
						<translation id="text" translation_id="436452" type="use"/>
						<record id="object_property" get_property="TsHA" set_property="hidn"/>
					</widget>
					
					<!-- IF ONLY ONE STADIUM -->
					<container id="NatC">
						<layout class="stick_to_sides_attachment" alignment="all" inset="0" apply_to_children="true"/>
			
						<record id="object_property" get_property="TISC" set_property="hidn"/>
			
						<widget class="client_object_viewer_xml_panel" id="NatS" file="nation/tcs/overview/stadium">
							<record id="object_property">
								<list id="get_properties">
									<record>
										<integer id="get_property" value="TsHA"/>
										<integer id="set_property" value="Shwn"/>
									</record>
									<record>
										<integer id="get_property" value="TsFI"/>
										<integer id="set_property" value="objt"/>
									</record>
								</list>
							</record>
						</widget>
					</container>
		
					<!-- MORE THAN ONE STADIUM -->
					<container id="NatW">
						<attachment_group class="vertical_arrange" vertical_alignment="top" vertical_offset="64" horizontal_inset="48"/>
						<record id="object_property" get_property="TsHO" set_property="Shwn"/>

						<container class="tcs_box" appearance="tcs/boxes/stadium/paper" rrep="bg" height="25">
							<attachment_group class="horizontal_arrange" horizontal_alignment="middle"/>

							<widget class="text" id="NatO" alignment="centre_x,centre_y" auto_size="horizontal">
								<translation id="text" translation_id="336888" type="use" value="Various other stadiums are used for home matches.[COMMENT: line of text saying when a national team uses various stadiums for home games]"/>
							</widget>
						</container>

					</container>
					
				</container>

				<!-- TOP PLAYERS AND LEGENDS -->
				<container class="vertical_adaptive_container" gap="8">
			
					<!-- KITS -->
					<widget class="club_overview_kits_panel" id="cloK" gap="8" default_height="-1" priority="1">
						<record id="object_property" get_property="objt" set_property="objt"/>
					</widget>
				
					<!-- TOP PLAYERS -->
					<container default_height="-1" priority="2" class="tcs_box" minimum_height="150">
						<attachment_group class="vertical_arrange" vertical_alignment="top,extend" vertical_gap="0"/>
						<translation id="title" translation_id="297306" type="use"/>
					
						<widget class="person_list_text" alignment="top,left">
							<record id="object_property" get_property="CmpM"/>
						</widget>
					</container>
				
					<!-- LEGENDS -->
					<container default_height="-1" priority="3" class="tcs_box" minimum_height="150">
						<attachment_group class="vertical_arrange" vertical_alignment="top,extend" vertical_gap="0"/>
						<translation id="title" translation_id="281393" type="use"/>
										
						<widget class="person_list_text" alignment="top,left">
							<record id="object_property" get_property="TLeg"/>
						</widget>
					</container>
				</container>
			</container>

			<!-- RIGHT -->
			<container default_width="-560" priority="2" minimum_width="400" class="vertical_adaptive_container" gap="8">

				<!-- KEY EMPLOYEES -->
				<container class="club_overview_staff_panel" id="tstf" file="nation/tcs/overview/staff/overview" default_height="-1" minimum_height="360" priority="1">
					<translation id="title" translation_id="257300" type="use"/>
					<record id="object_property" get_property="objt" set_property="objt"/>
				</container>
				
				<!-- WORLD RANKING -->
				<container id="fifc" default_height="200" minimum_height="60" class="tcs_box" priority="1">
					<layout class="stick_to_sides_attachment" alignment="all" apply_to_children="true" inset="0"/>
					<widget class="fifa_ranking_history_panel" id="fifr">
						<translation id="title" translation_id="321111" type="use" value="World Ranking History[COMMENT: title for the world ranking history]"/>
						<record id="object_property" get_property="objt" set_property="objt"/>
					</widget>

					<container class="main_box" id="norn">
						<translation id="title" translation_id="321112" type="use" value="World Ranking History[COMMENT: title for world ranking history section when not being shown]"/>
						<layout class="arrange_vertical_attachment" alignment="top" offset="0" gap="0"/>
						<layout class="stick_to_sides_attachment" alignment="horizontal" apply_to_children="true" inset="0"/>

						<widget class="spacer" height="10"/>

						<!--explanatory text-->
						<widget class="text" id="nort" alignment="centre" spec="text" size="large" style="semi_bold" auto_size="vertical">
							<translation id="text" translation_id="321113" type="use" value="There is no world ranking history available at the current time[COMMENT: message explaining why user can't see any ranking history]"/>
						</widget>
						<widget class="text" id="nore" alignment="centre" spec="text" size="large" style="semi_bold" auto_size="vertical">
							<translation id="text" translation_id="321114" type="use" value="This nation is not included in the world rankings[COMMENT: message explaining why user can't see any ranking history]"/>
						</widget>

						<!--buttons-->
						<container>
							<layout class="fit_children_attachment" alignment="vertical" offset="0"/>
							<layout class="arrange_horizontal_attachment" alignment="right" offset="0" gap="5"/>
							<layout class="stick_to_sides_attachment" alignment="top" inset="0" apply_to_children="true"/>

							<widget class="link_appearance_button" id="wrbt">
								<translation id="text" translation_id="321115" type="use" value="View Current World Rankings[COMMENT:label for displaying all nations' world rankings]"/>
							</widget>
						</container>
					</container>
				</container>
				
			</container>
		</container>
	
	</container>

</panel>