<class class="nipple_all_hdrs_att" parent="match_rating_label" font="transparent" size="0" should_recolour="false" fixed_appearance_alignment="bottom" image_aligment="centre_x,centre_y">
	<list id="value_list">
		<record min_value="-1" max_value="0" appearance="" image_aligment="centre_x,centre_y" red_replacement="" colour="" hidden="false"/>
		<record min_value="0" max_value="0.71" appearance="mustermann/nipples/5" image_aligment="centre_x,centre_y" red_replacement="nipple_inner" colour="" hidden="false"/>
		<record min_value="0.71" max_value="1.41" appearance="mustermann/nipples/10" image_aligment="centre_x,centre_y" red_replacement="nipple_inner" colour="" hidden="false"/>
		<record min_value="1.41" max_value="2.12" appearance="mustermann/nipples/15" image_aligment="centre_x,centre_y" red_replacement="nipple_inner" colour="" hidden="false"/>
		<record min_value="2.12" max_value="2.83" appearance="mustermann/nipples/20" image_aligment="centre_x,centre_y" red_replacement="nipple_inner" colour="" hidden="false"/>
		<record min_value="2.83" max_value="3.53" appearance="mustermann/nipples/25" image_aligment="centre_x,centre_y" red_replacement="nipple_inner" colour="" hidden="false"/>
		<record min_value="3.53" max_value="4.24" appearance="mustermann/nipples/30" image_aligment="centre_x,centre_y" red_replacement="nipple_inner" colour="" hidden="false"/>
		<record min_value="4.24" max_value="4.95" appearance="mustermann/nipples/35" image_aligment="centre_x,centre_y" red_replacement="nipple_inner" colour="" hidden="false"/>
		<record min_value="4.95" max_value="5.65" appearance="mustermann/nipples/40" image_aligment="centre_x,centre_y" red_replacement="nipple_inner" colour="" hidden="false"/>
		<record min_value="5.65" max_value="6.36" appearance="mustermann/nipples/45" image_aligment="centre_x,centre_y" red_replacement="nipple_inner" colour="" hidden="false"/>
		<record min_value="6.36" max_value="7.07" appearance="mustermann/nipples/50" image_aligment="centre_x,centre_y" red_replacement="nipple_inner" colour="" hidden="false"/>
		<record min_value="7.07" max_value="7.77" appearance="mustermann/nipples/55" image_aligment="centre_x,centre_y" red_replacement="nipple_inner" colour="" hidden="false"/>
		<record min_value="7.77" max_value="8.48" appearance="mustermann/nipples/60" image_aligment="centre_x,centre_y" red_replacement="nipple_inner" colour="" hidden="false"/>
		<record min_value="8.48" max_value="9.19" appearance="mustermann/nipples/65" image_aligment="centre_x,centre_y" red_replacement="nipple_inner" colour="" hidden="false"/>
		<record min_value="9.19" max_value="9.89" appearance="mustermann/nipples/70" image_aligment="centre_x,centre_y" red_replacement="nipple_inner" colour="" hidden="false"/>
		<record min_value="9.89" max_value="10.6" appearance="mustermann/nipples/75" image_aligment="centre_x,centre_y" red_replacement="nipple_inner" colour="" hidden="false"/>
		<record min_value="10.6" max_value="11.31" appearance="mustermann/nipples/80" image_aligment="centre_x,centre_y" red_replacement="nipple_inner" colour="" hidden="false"/>
		<record min_value="11.31" max_value="12.01" appearance="mustermann/nipples/85" image_aligment="centre_x,centre_y" red_replacement="nipple_inner" colour="" hidden="false"/>
		<record min_value="12.01" max_value="12.72" appearance="mustermann/nipples/90" image_aligment="centre_x,centre_y" red_replacement="nipple_inner" colour="" hidden="false"/>
		<record min_value="12.72" max_value="13.42" appearance="mustermann/nipples/95" image_aligment="centre_x,centre_y" red_replacement="nipple_inner" colour="" hidden="false"/>
		<record min_value="13.42" max_value="1000" appearance="mustermann/nipples/99" image_aligment="centre_x,centre_y" red_replacement="nipple_inner" colour="" hidden="false"/>
	</list>
</class>