<class class="nipple_all_pres_cmp" parent="match_rating_label" font="transparent" size="0" should_recolour="false" fixed_appearance_alignment="bottom" image_aligment="centre_x,centre_y">
	<list id="value_list">
		<record min_value="-1" max_value="0" appearance="" image_aligment="centre_x,centre_y" red_replacement="" colour="" hidden="false"/>
		<record min_value="0" max_value="0.86" appearance="mustermann/nipples/5" image_aligment="centre_x,centre_y" red_replacement="nipple_outer" colour="" hidden="false"/>
		<record min_value="0.86" max_value="1.72" appearance="mustermann/nipples/10" image_aligment="centre_x,centre_y" red_replacement="nipple_outer" colour="" hidden="false"/>
		<record min_value="1.72" max_value="2.59" appearance="mustermann/nipples/15" image_aligment="centre_x,centre_y" red_replacement="nipple_outer" colour="" hidden="false"/>
		<record min_value="2.59" max_value="3.45" appearance="mustermann/nipples/20" image_aligment="centre_x,centre_y" red_replacement="nipple_outer" colour="" hidden="false"/>
		<record min_value="3.45" max_value="4.31" appearance="mustermann/nipples/25" image_aligment="centre_x,centre_y" red_replacement="nipple_outer" colour="" hidden="false"/>
		<record min_value="4.31" max_value="5.17" appearance="mustermann/nipples/30" image_aligment="centre_x,centre_y" red_replacement="nipple_outer" colour="" hidden="false"/>
		<record min_value="5.17" max_value="6.03" appearance="mustermann/nipples/35" image_aligment="centre_x,centre_y" red_replacement="nipple_outer" colour="" hidden="false"/>
		<record min_value="6.03" max_value="6.9" appearance="mustermann/nipples/40" image_aligment="centre_x,centre_y" red_replacement="nipple_outer" colour="" hidden="false"/>
		<record min_value="6.9" max_value="7.76" appearance="mustermann/nipples/45" image_aligment="centre_x,centre_y" red_replacement="nipple_outer" colour="" hidden="false"/>
		<record min_value="7.76" max_value="8.62" appearance="mustermann/nipples/50" image_aligment="centre_x,centre_y" red_replacement="nipple_outer" colour="" hidden="false"/>
		<record min_value="8.62" max_value="9.48" appearance="mustermann/nipples/55" image_aligment="centre_x,centre_y" red_replacement="nipple_outer" colour="" hidden="false"/>
		<record min_value="9.48" max_value="10.34" appearance="mustermann/nipples/60" image_aligment="centre_x,centre_y" red_replacement="nipple_outer" colour="" hidden="false"/>
		<record min_value="10.34" max_value="11.21" appearance="mustermann/nipples/65" image_aligment="centre_x,centre_y" red_replacement="nipple_outer" colour="" hidden="false"/>
		<record min_value="11.21" max_value="12.07" appearance="mustermann/nipples/70" image_aligment="centre_x,centre_y" red_replacement="nipple_outer" colour="" hidden="false"/>
		<record min_value="12.07" max_value="12.93" appearance="mustermann/nipples/75" image_aligment="centre_x,centre_y" red_replacement="nipple_outer" colour="" hidden="false"/>
		<record min_value="12.93" max_value="13.79" appearance="mustermann/nipples/80" image_aligment="centre_x,centre_y" red_replacement="nipple_outer" colour="" hidden="false"/>
		<record min_value="13.79" max_value="14.65" appearance="mustermann/nipples/85" image_aligment="centre_x,centre_y" red_replacement="nipple_outer" colour="" hidden="false"/>
		<record min_value="14.65" max_value="15.52" appearance="mustermann/nipples/90" image_aligment="centre_x,centre_y" red_replacement="nipple_outer" colour="" hidden="false"/>
		<record min_value="15.52" max_value="16.38" appearance="mustermann/nipples/95" image_aligment="centre_x,centre_y" red_replacement="nipple_outer" colour="" hidden="false"/>
		<record min_value="16.38" max_value="1000" appearance="mustermann/nipples/99" image_aligment="centre_x,centre_y" red_replacement="nipple_outer" colour="" hidden="false"/>
	</list>
</class>