<panel>
	<layout class="stick_to_sides_attachment" apply_to_children="true"/>

	<container class="horizontal_adaptive_container" gap="8">
	
		<!-- BALANCE GRAPH -->
		<container default_width="-4" priority="1" class="client_object_viewer_xml_panel" file="club/tcs/fm24/overview/finances/balance">
			<record id="object_property" get_property="objt" set_property="objt"/>
		</container>

		<!-- RIGHT -->
		<container class="vertical_adaptive_container" gap="8" default_width="-3" priority="2" minimum_width="500">
				
			<!-- BUDGETS -->
			<widget class="client_object_viewer_xml_panel" file="club/tcs/fm24/overview/finances/budgets" default_height="-6" priority="1">
				<record id="object_property" get_property="objt" set_property="objt"/>
			</widget>
		
			<container class="tcs_tabs" save_session_state="true" default_item="tFip" default_height="-14" priority="2" minimum_height="350">
				
				<!-- DEBTS AND LOANS -->
				<widget class="finances_debt_loan_panel" id="tFid">
					<translation id="title" translation_id="383295" type="use"/>
					<record id="object_property" get_property="objt" set_property="objt"/>
				</widget>

				<!-- PROJECTION -->
				<widget class="finances_projection_panel" id="tFip">
					<translation id="title" translation_id="331947" type="use"/>
					<record id="object_property" get_property="objt" set_property="objt"/>
				</widget>
	
				<!-- FFP -->
				<widget class="finances_ffp_panel" id="tFfp" file="club/tcs/fm24/overview/finances/ffp">
					<translation id="title" translation_id="383321" type="use"/>
					<record id="object_property" get_property="objt" set_property="objt"/>
				</widget>

				<!-- SPONSOR -->
				<widget class="finances_sponsors_panel" id="tFiS">
					<translation id="title" translation_id="396455" type="use"/>
					<record id="object_property" get_property="objt" set_property="objt"/>
				</widget>
			</container>
		</container>
	</container>
	
</panel>