<panel>
	<layout class="stick_to_sides_attachment" apply_to_children="true" inset="4,0,0,0"/>

	<container class="tcs_fade">
		<layout class="stick_to_sides_attachment" apply_to_children="true"/>

		<container class="horizontal_adaptive_container" gap="8">
		
			<!-- FIXTURES AND RESULT -->
			<container class="tcs_box" draw_horizontal_dividers="true" default_width="-8" minimum_width="300"  priority="3">
				<layout class="stick_to_sides_attachment" apply_to_children="true"/>

				<!-- BOTTOM SELECTOR -->
				<container class="team_container_information_overview_panel" file="none">
					<layout class="stick_to_sides_attachment" apply_to_children="true"/>
					<record id="object_property" get_property="objt" set_property="objt"/>

					<!--snapshot selector 1-->
					<container class="client_object_viewer_selector_panel" file="club/tcs/fm24/overview/history/supporter selector panel" id="cos1" priority="1" default_widget="pssp" late_loading="true"/>
				</container>
			</container>

			<!-- LEAGUE TABLE -->
			<container class="tcs_box" default_width="-14" priority="1" minimum_width="300">
				<layout class="stick_to_sides_attachment" apply_to_children="true"/>

				<widget class="team_container_records_overview_panel" file="club/tcs/fm24/overview/history/centre">
					<record id="object_property" get_property="objt" set_property="objt"/>
				</widget>
			</container>

			<!-- LAST KNOWN LINE UP -->
			<container class="tcs_box" default_width="-10" priority="2" minimum_width="300">
				<layout class="stick_to_sides_attachment" apply_to_children="true"/>
				<translation id="title" translation_id="319618" type="use"/>
				<!-- LEGENDS -->
				<container class="supporter_profile_panel" id="tsLe" file="none">
					<translation id="title" translation_id="247454" type="use"/>
					<record id="object_property" get_property="objt" set_property="objt"/>
					<attachment_group class="vertical_arrange" vertical_alignment="bottom,extend" vertical_gap="8"/>

					<container class="scrolling_box">

						<container draw_horizontal_dividers="true" class="tcs_box">
							<layout class="vertical_arrange_autosize" vertical_gap="16"/>

							<!-- LEGENDS -->
							<container>
								<layout class="vertical_arrange_autosize"/>

								<widget class="label" auto_size="vertical" style="semi_bold" size="10.5" font="title">
									<translation id="text" translation_id="281393" type="use"/>
								</widget>

								<container class="legend_list_table" id="TLeg" auto_size="vertical">
									<record id="object_property">
										<string id="get_property" value="TLeg"/>
									</record>
									<list id="column_widget_properties">
										<record indx="0" navigation_focus_target="false"/>
									</list>
								</container>
							</container>

							<!-- ICONS -->
							<container>
								<layout class="vertical_arrange_autosize"/>

								<widget class="label" auto_size="vertical" style="semi_bold" size="10.5" font="title">
									<translation id="text" translation_id="289355" type="use"/>
								</widget>

								<container class="legend_list_table" id="Csvp" auto_size="vertical">
									<record id="object_property">
										<string id="get_property" value="Csvp"/>
									</record>
									<list id="column_widget_properties">
										<record indx="0" navigation_focus_target="false"/>
									</list>
								</container>
							</container>

							<!-- FAV PERSONAL -->
							<container>
								<layout class="vertical_arrange_autosize"/>

								<widget class="label" auto_size="vertical" style="semi_bold" size="10.5" font="title">
									<translation id="text" translation_id="247454" type="use"/>
								</widget>

								<container class="legend_list_table" id="Cfap" auto_size="vertical">
									<record id="object_property">
										<string id="get_property" value="Cfap"/>
									</record>
									<list id="column_widget_properties">
										<record indx="0" navigation_focus_target="false"/>
									</list>
								</container>
							</container>
						</container>
					</container>


					<!-- Current Favoured Personnel -->
					<container id="cfpc" class="collapsable_box">
						<translation id="title" translation_id="557716" type="use" value="Details"/>
						<attachment_group class="vertical_arrange_autosize"/>

						<!-- 	<container>
				<attachment_group class="horizontal_arrange_vertical_autosize" horizontal_gap="8"/>

				<widget class="picture" file="icons/custom/icon box/squad" scale_picture="true" keep_aspect_ratio="true" image_alignment="centre" height="20" width="20" red_replacement="title" blue_replacement="bg">
					<layout class="centre_in_parent_attachment" alignment="vertical"/>
				</widget>

				<widget class="link_button" section="tciG" appearance="buttons/text/button" font="title" colour="title" alignment="left, centre_y" auto_size="all">
					<translation id="text" translation_id="557716" type="use" value="Favoured Personnel at Club[COMMENT:AREA: Club vision; SUB - AREA: Supporter profile panel FR - BN: FM-3272; TONE: Formal; CHARLIMIT: None; REF - ID: n/a; NOTE: title string for current favoured personnel section.]"/>
				</widget>
			</container> -->

						<widget class="table" id="fptb" layout="-2, -2, -1" mode="fill_rows, stripe_rows" auto_size_rows="false" fixed_size_rows="true" row_height="26" height="108">
							<list id="headings">
								<record>
									<integer id="index" value="0"/>
									<translation id="text" translation_id="229689" type="use" value="Name"/>
								</record>
								<record>
									<integer id="index" value="1"/>
									<translation id="text" translation_id="227964" type="use" value="Job"/>
								</record>
								<record>
									<integer id="index" value="2"/>
									<translation id="text" translation_id="227844" type="use" value="Apps[comment - Appearances]"/>
								</record>
							</list>
							<list id="column_table_properties">
								<record>
									<integer id="index" value="0"/>
									<record id="widget_info">
										<symbol id="class" value="person_button"/>
									</record>
								</record>
								<record>
									<integer id="index" value="1"/>
									<record id="widget_info">
										<symbol id="class" value="client_object_property_panel"/>
										<string id="property" value="Pcjo"/>
									</record>
								</record>
								<record>
									<integer id="index" value="2"/>
									<record id="widget_info">
										<symbol id="class" value="client_object_property_panel"/>
										<string id="property" value="PacP"/>
									</record>
								</record>
							</list>
							<list id="column_widget_properties">
								<record alignment="centre_y,left">
									<integer id="index" value="0"/>
								</record>
								<record alignment="centre_y,left">
									<integer id="index" value="1"/>
								</record>
								<record alignment="centre_y,left">
									<integer id="index" value="2"/>
								</record>
							</list>
						</widget>
					</container>

				</container>
			</container>

		</container>

	</container>
</panel>