<panel>
	<layout class="stick_to_sides_attachment" alignment="all" inset="0" apply_to_children="true"/>

	<!-- BOTTOM -->
	<container class="horizontal_adaptive_container" gap="8">

		<!-- LEFT -->
		<!-- LEAGUE TABLE AND RESULTS -->
		<container default_width="-560" priority="3" minimum_width="400"  class="vertical_adaptive_container"> 

<container height="4" />

			<!-- RESULTS AND FIXTURES -->
			<container  default_height="255" priority="2">
				<layout class="stick_to_sides_attachment" apply_to_children="true"/>
				<container class="vertical_arrange_container" alignment="fill" gap="4">

					<container class="club_overview_team_results_panel" file="club/tcs/fm24/overview/fixtures/club overview team calendar results">
						<record id="object_property" get_property="objt" set_property="objt"/>
					</container>

					<container class="club_overview_team_results_panel" file="club/tcs/fm24/overview/fixtures/club overview team calendar fixtures">
						<record id="object_property" get_property="objt" set_property="objt"/>
					</container>
				</container>
			</container>

			<!-- LEAGUE TABLE -->
			<container class="tcs_box" default_height="-1" priority="1">
				<layout class="stick_to_sides_attachment" alignment="all" inset="0" apply_to_children="true"/>

				<container>
					<layout class="vertical_arrange" vertical_alignment="top,extend" vertical_gap="0"/>

					<widget class="table" layout="-4, -1" row_spacing="2" mode="none" auto_size="vertical" fixed_size_rows="false" auto_size_rows="true">

						<!-- Recent Form -->
						<container class="club_overview_details_panel" file="none" row="0" col="1">
							<layout class="stick_to_sides_attachment" apply_to_children="true" inset="0,0,0,8"/>

							<record id="object_property" get_property="Tftm" set_property="objt"/>

							<widget class="team_recent_form_widget" alignment="right">
								<record id="object_property" get_property="Tfrm" set_property="valu"/>
							</widget>
						</container>

						<!-- Past positions -->
						<widget class="label" auto_size="vertical" size="small" row="0" col="0">
							<translation id="text" translation_id="232109" type="use" value="League Positions"/>
						</widget>

						<!-- League Table -->
						<container class="league_positions_panel" id="lpos" file="team/team competitions overview past positions panel" row="1" col="0" column_span="2" height="40">
							<record id="object_property">
								<list id="get_properties">
									<!-- PROP_TEAM_CURRENT_DIVISION -->
									<record get_property="Cddl" set_property="objt"/>
									<record get_property="Tftm" set_property="team"/>
								</list>
							</record>
						</container>
					</widget>

					<container class="competition_news_panel" file="none">
						<attachment_group class="vertical_arrange" vertical_alignment="bottom,extend" />

						<record id="object_property" get_property="objt" set_property="objt"/>

						<container class="competition_overview_panel" file="none">
							<layout class="stick_to_sides_attachment" alignment="all" apply_to_children="true"/>

							<record id="object_property" get_property="Cdiv" set_property="objt"/>

							<attachment_group class="horizontal_arrange" horizontal_layout="-1,-2" horizontal_offset="0" vertical_inset="0">
								<global id="horizontal_gap" name="ui.main_contrast_box_gap"/>
							</attachment_group>

							<container id="cost" navigation_container="true" default_focus="false">
								<layout class="stick_to_sides_attachment" apply_to_children="true"/>

								<widget class="competition_stage_panel" file="none">
									<layout class="stick_to_sides_attachment" apply_to_children="true"/>
									<record id="object_property" get_property="objt" set_property="objt"/>
									<boolean id="overview_version" value="true"/>

									<widget class="league_past_positions_panel">
										<record id="object_property" get_property="objt" set_property="objt"/>
									</widget>

									<!-- group box which extends to include all other areas -->
									<container>
										<layout class="stick_to_sides_attachment" alignment="all" apply_to_children="true" inset="0"/>

										<!-- the group box that is the main container for the competition stage panel this container holds whatever league or cup panel we need to create -->
										<container class="inner_box" id="stse" force_title_borders="false">

											<!-- buttons area -->
											<container embed_in_frame="true">
												<attachment_group class="title_embedded_panel_left" horizontal_offset="4"/>
												<widget class="link_button_title" section="cssp" id="labl" embed_in_frame="true">
													<translation id="text" translation_id="247175" type="use" value="Stages"/>
												</widget>
												<!-- the stages menu: visible if more than one stage/substage -->
												<widget class="view_menu_popup" id="stpb" sele="acsm" auto_tick_exclusive="true" save_session_state="true" embed_in_frame="true" auto_size="horizontal" show_button_appearance="false">
												</widget>
											</container>

											<!-- bottom row of the stage panel is used to store cup draw buttons -->
											<layout class="vertical_arrange" vertical_alignment="bottom,extend"/>

											<!-- No game panel-->
											<container id="nots" hidden="true">
												<layout class="arrange_vertical_attachment" alignment="top" offset="0" gap="0"/>
												<layout class="stick_to_sides_attachment" alignment="horizontal" apply_to_children="true"/>
												<layout class="stick_to_sides_attachment" alignment="all" inset="0"/>
												<widget class="spacer" height="10"/>
												<widget class="text" id="nost" alignment="centre" spec="text" size="large" style="semi_bold, embossed" auto_size="vertical"/>
											</container>

											<!-- group box for stage to go into -->
											<container id="stgb">
												<layout class="vertical_arrange" vertical_alignment="top,extend"/>
												<container height="16"/>

												<container>
													<layout class="vertical_arrange" vertical_alignment="top,extend"/>

													<!--league stage panel-->
													<widget class="league_stage_panel" id="lspn" hidden="true" view="ovrC" league_table_heading_length="0"/>
													<!--cup stage_panel-->
													<widget class="cup_stage_panel" file="competition/cup overview stage" id="cstp" hidden="true" save_session_state="true"/>
													<!--group stage scrolling box (to be filled in code)-->
													<widget class="scrolling_box" id="gscb" hidden="true" save_session_state="true" navigation_container="true"/>
												</container>
											</container>

											<container>
												<attachment_group class="vertical_arrange_autosize" vertical_offset="0" vertical_gap="0" horizontal_alignment="horizontal" horizontal_inset="0"/>
												<!-- The exceptions so point deductions in the league etc-->
												<widget class="table" layout="-1" id="exta" auto_size="vertical" auto_size_rows="true" row_spacing="2" hidden="true" mode="fill_rows"/>
											</container>
										</container>
									</container>
								</widget>
							</container>
						</container>
					</container>
				</container>
			</container>
		</container>

		<!-- MIDDLE -->
		<!-- OVERVIEW -->
		<container id="over" default_width="-600" priority="1" minimum_width="500">
			<layout class="vertical_arrange" vertical_layout="360,-1" vertical_gap="8"/>
			<translation id="title" translation_id="336543" type="use"/>

			<!-- BOTTOM SELECTOR -->
			<container class="team_container_information_overview_panel" file="none">
				<layout class="stick_to_sides_attachment" apply_to_children="true"/>

				<record id="object_property" get_property="objt" set_property="objt"/>

				<container class="tcs_box" >
					<layout class="stick_to_sides_attachment" apply_to_children="true"/>
					<record id="default_properties" default_width="-1" minimum_width="250"/>

					<!--snapshot selector 1-->
					<container class="client_object_viewer_selector_panel" file="club/tcs/fm24/overview/stadium/selector" id="cos1" priority="1" default_widget="staD" late_loading="true" save_session_state="true"/>

				</container>

			</container>

			<container class="vertical_adaptive_container" gap="8">

				<!-- BOTTOM SELECTOR -->
				<container class="team_container_information_overview_panel" file="none" default_height="-1">
					<layout class="stick_to_sides_attachment" apply_to_children="true"/>

					<record id="object_property" get_property="objt" set_property="objt"/>

					<container class="tcs_box" gap="8" draw_vertical_dividers="true" priority="1">
						<layout class="stick_to_sides_attachment" apply_to_children="true"/>
						<record id="default_properties" default_width="-1" minimum_width="250"/>

						<!--snapshot selector 1-->
						<container class="client_object_viewer_selector_panel" file="club/tcs/fm24/overview/club overview selector panel" id="cos2" priority="1" default_widget="upfx" late_loading="true" save_session_state="true"/>

					</container>

				</container>
				<!-- BOTTOM SELECTOR -->
				<container class="team_container_information_overview_panel" file="none" default_height="-1" minimum_height="200">
					<layout class="stick_to_sides_attachment" apply_to_children="true"/>

					<record id="object_property" get_property="objt" set_property="objt"/>

					<container class="tcs_box" gap="8" draw_vertical_dividers="true" priority="1">
						<layout class="stick_to_sides_attachment" apply_to_children="true"/>
						<record id="default_properties" default_width="-1" minimum_width="250"/>

						<!--snapshot selector 1-->
						<container class="client_object_viewer_selector_panel" file="club/tcs/fm24/overview/club overview selector panel" id="cos3" priority="1" default_widget="upfx" late_loading="true" save_session_state="true"/>

					</container>

				</container>
			</container>
		</container>

		<!-- RIGHT -->
		<container default_width="-560" priority="2" minimum_width="360"> 
			<layout class="stick_to_sides_attachment" apply_to_children="true"/>
				<!-- KEY EMPLOYEES -->
				<container class="club_overview_staff_panel" id="tstf" file="club/tcs/fm24/overview/staff/key staff" default_height="-1" minimum_height="400" priority="1">
					<translation id="title" translation_id="257300" type="use"/>
					<record id="object_property" get_property="objt" set_property="objt"/>
				</container>

			<!-- 	<widget class="staff_numbers_table" id="sta1" default_height="200" priority="2">
					<layout class="stick_to_sides_attachment" alignment="horizontal" inset="0" />
					<record id="object_property" get_property="objt" set_property="objt"/>
				</widget> -->


		</container>
	</container>
</panel>