﻿<panel>
	<layout class="stick_to_sides_attachment" apply_to_children="true" inset="4,0,0,0"/>

	<container class="tcs_box" appearance="tcs/boxes/main/fade/paper" rrep="bg lighter" brep="primary" >
		<layout class="stick_to_sides_attachment" apply_to_children="true"/>

		<container class="tcs_tabs_primary" id="tSta" default_item="Capl" save_default_state="true" save_session_state="true">

			<!-- ALL STAFF -->
			<container  id="tcsp">
				<layout class="stick_to_sides_attachment" alignment="all" inset="8,0,0,0" apply_to_children="true"/>
				<translation id="title" type="use" value="All Staff"/>

				<widget class="team_container_staff_details_panel" id="tcsp">
					<record id="object_property" get_property="objt" set_property="objt"/>
				</widget>
			</container>

			<container id="boad">
				<attachment_group class="vertical_arrange"/>
				<translation id="title" translation_id="557622" type="use" />
				<container class="team_container_staff_details_panel" type="TCsO" file="team/team container staff details board overview panel">
					<record id="object_property" get_property="objt" set_property="objt"/>
					<layout class="stick_to_sides_attachment" alignment="all" inset="0"/>
				</container>
			</container>
			
			<container id="mana">
				<layout class="stick_to_sides_attachment" apply_to_children="true" inset="4,0,0,0"/>
				<translation id="title" translation_id="335174" type="use" />

				<container class="team_container_manager_history_panel" file="club/tcs/fm24/overview/history/managers">
					<record id="object_property" get_property="objt" set_property="objt"/>
				</container>
			</container>	
			
			<!-- ALL PLAYERS -->
			<container  id="Capl">
				<layout class="stick_to_sides_attachment" alignment="all" inset="8,0,0,0" apply_to_children="true"/>
				<translation id="title" translation_id="229527" type="use"/>

				<container class="club_players_panel">
					<record id="object_property" get_property="objt" set_property="objt"/>
				</container>
			</container>

		</container>
	</container>
</panel>