	<!-- THIS PANEL DISPLAYS THE MANAGER INFO ON THE CLUB OVERVIEW -->
<!-- CAN USE THE FILE="none" TRICK BUT PROBS NOT WORTH IT -->
<panel>

	<layout class="stick_to_sides_attachment" alignment="all" inset="0" apply_to_children="true"/>

	<!-- THIS MAKES USE OF THE PLAYER CARD CODE THATS USED IN THE DRAFT MODE -->
	<container >
		<layout class="vertical_arrange" vertical_layout="-1,110" />

		<record id="object_property" get_property="objt" set_property="objt"/>

		<container >
			<attachment_group class="horizontal_arrange" horizontal_alignment="left,extend" horizontal_gap="12" horizontal_offset="0"/>

			<!-- MANAGER PHOTO -->
			<container width="150">
				<layout class="stick_to_sides_attachment" alignment="all" inset="0" apply_to_children="true"/>

				<!-- PLAYER FACE -->
				<widget class="object_portrait_picture" id="face" image_alignment="centre_x, centre_y" scale_picture="true" wants_mouse_events="false">
					<record id="object_property" get_property="objt" set_property="objt" />
				</widget>		
			</container>

			<!-- INFO ON RIGHT -->
			<container >
				<attachment_group class="vertical_arrange" vertical_alignment="fill" />

				<!-- NAME -->
				<widget class="person_button" style="semi_bold" alignment="left,centre_y" info_popup_enabled="true" person_is_human="true" colour="fg">
					<record id="object_property" get_property="Pers" set_property="valu" />
				</widget>

				<!-- NATION AND FLAG -->
				<container height="20" >
					<layout class="stick_to_sides_attachment" alignment="all" inset="0" apply_to_children="true"/>

					<widget class="editable_client_object_property_panel" id="intc" auto_size="all">
						<record id="widget_info" class="nation_button" icon_enabled="true" auto_size="all" colour="text"/>
						<record id="widget_properties" auto_size="all" />
						<record id="object_property" dont_set_hint="true" get_property="PNat">
							<record id="object_property" get_property="objt" set_property="Pers" />
						</record>
					</widget>
				</container>

				<!-- MANAGER REPUTATION -->
				<widget class="global_reputation_stars_label" id="pReP" navigation_focus_target="true" subject_is_person="true" alignment="left,centre_y">
					<record id="object_property" get_property="Prsa" dont_set_hint="true" />
				</widget>

				<!--nation-->
				<widget class="formation_label">
					<record id="object_property" get_property="Nppf"/>
				</widget>
			</container>
		</container>

		<!-- CLUB STATS -->
		<widget class="table" mode="fill_rows, stripe_rows, printable" id="clst" layout="-3,-1,-3,-1" row_spacing="0">
			<flags id="auto_size" value="vertical" />
			<boolean id="auto_size_rows" value="true" />
			<boolean id="fixed_size_rows" value="false" />
			<boolean id="save_session_state" value="true" />
			<boolean id="sdst" value="true" />

			<list id="column_table_properties">
				<record indx="0">
					<boolean id="sort_disabled" value="true" />
				</record>
				<record indx="1">
					<boolean id="sort_disabled" value="true" />
					<flags id="alignment" value="centre_y" />
				</record>
				<record indx="2">
					<boolean id="sort_disabled" value="true" />
				</record>
				<record indx="3">
					<boolean id="sort_disabled" value="true" />
					<flags id="alignment" value="centre_y" />
				</record>
				<record indx="4">
					<boolean id="sort_disabled" value="true" />
				</record>
				<record indx="5">
					<boolean id="sort_disabled" value="true" />
					<flags id="alignment" value="centre_y" />
				</record>
			</list>

			<!--Game Played - Club -->
			<widget class="label" id="Lcgp" row="0" col="0">
				<record id="object_property">
					<integer id="get_property" value="Ccmp" />
					<boolean id="name" value="true" />
				</record>
			</widget>
			<widget class="dashed_number_label" id="Vcgp" row="0" col="1" auto_size="all" spec="text" size="normal">
				<record id="object_property">
					<integer id="get_property" value="Ccmp" />
				</record>
			</widget>

			<!--Games Won - Club -->
			<widget class="label" id="Lcgw" row="1" col="0">
				<record id="object_property">
					<integer id="get_property" value="POgw" />
					<boolean id="name" value="true" />
				</record>
			</widget>
			<widget class="dashed_number_label" id="Vcgw" row="1" col="1" auto_size="all" spec="text" size="normal">
				<record id="object_property">
					<integer id="get_property" value="Ccmw" />
				</record>
			</widget>

			<!--Games Drawn - Club -->
			<widget class="label" id="Lcgd" row="2" col="0">
				<record id="object_property">
					<integer id="get_property" value="POgd" />
					<boolean id="name" value="true" />
				</record>
			</widget>
			<widget class="dashed_number_label" id="Vcgd" row="2" col="1" auto_size="all" spec="text" size="normal">
				<record id="object_property">
					<integer id="get_property" value="Ccmd" />
				</record>
			</widget>

			<!--Games Lost - Club -->
			<widget class="label" id="Lcgl" row="3" col="0">
				<record id="object_property">
					<integer id="get_property" value="POgl" />
					<boolean id="name" value="true" />
				</record>
			</widget>
			<widget class="dashed_number_label" id="Vcgl" row="3" col="1" auto_size="all" spec="text" size="normal">
				<record id="object_property">
					<integer id="get_property" value="Ccml" />
				</record>
			</widget>

			<!--Goals Scored - Club -->
			<widget class="label" id="Lcgf" row="0" col="2">
				<record id="object_property">
					<integer id="get_property" value="Cclf" />
					<boolean id="name" value="true" />
				</record>
			</widget>
			<widget class="dashed_number_label" id="Vcgf" row="0" col="3" auto_size="all" spec="text" size="normal">
				<record id="object_property">
					<integer id="get_property" value="Cclf" />
				</record>
			</widget>

			<!--Goals Conceded - Club -->
			<widget class="label" id="Lcgc" row="1" col="2">
				<record id="object_property">
					<integer id="get_property" value="Ccla" />
					<boolean id="name" value="true" />
				</record>
			</widget>
			<widget class="dashed_number_label" id="Vcgc" row="1" col="3" auto_size="all" spec="text" size="normal">
				<record id="object_property">
					<integer id="get_property" value="Ccla" />
				</record>
			</widget>

			<!--Goal Difference - Club-->
			<widget class="label" id="Lcdi" row="2" col="2">
				<record id="object_property">
					<integer id="get_property" value="Tgdf" />
					<boolean id="name" value="true" />
				</record>
			</widget>
			<widget class="dashed_number_label" id="Vcdi" row="2" col="3" auto_size="all" spec="text" size="normal">
				<record id="object_property">
					<integer id="get_property" value="Ccdf" />
				</record>
			</widget>

			<!-- Win Ratio - Club-->
			<widget class="label" id="Lcwr" row="3" col="2">
				<record id="object_property">
					<integer id="get_property" value="TgwR" />
					<boolean id="name" value="true" />
				</record>
			</widget>
			<widget class="dashed_record_percentage_label" id="Vcwr" row="3" col="3" auto_size="all" spec="text" size="normal">
				<record id="object_property">
					<integer id="get_property" value="Ccwr" />
				</record>
			</widget>

			<!-- everything should be left aligned -->
			<record id="default_properties">
				<flags id="alignment" value="left,centre_y" />
			</record>
		</widget>
	</container>
</panel>