<class class="tcs_tabs" parent="multi_box" contents_kind="plain_box" top_kind="tab_strip" appearance="tcs/boxes/main/tabbed/paper" dont_set_title_text="true">

	<flags id="top_layout" value="horizontal"/>

	<record id="top_properties">
		<flags id="appearance" value="tcs/boxes/tabs/subsection"/>
		<flags id="auto_size" value="vertical"/>
		<flags id="alignment" value="top"/>
		<flags id="navigation_container" value="true" />
		<boolean id="use_alt_end_tab_appearances" value="false"/>
	</record>

</class>
