<panel>
	<layout class="vertical_arrange" vertical_layout="-1,26" />
	
	<container>
		<attachment_group class="horizontal_arrange" horizontal_alignment="fill" horizontal_gap="8"/>

		<record id="default_properties" scale_picture="true" keep_aspect_ratio="true" image_alignment="centre" always_use_latest_object_list="true">
			<record id="object_property">
				<integer id="get_property" value="Tidx"/>
				<integer id="set_property" value="indx"/>
			</record>
		</record>

		<container class="tcs_box" id="T_hk">
			<layout class="stick_to_sides_attachment" apply_to_children="true"/>
			<widget class="kit_picture" id="T_hk" kit_id="0" scale_picture="true" keep_aspect_ratio="true" image_alignment="centre" always_use_latest_object_list="true">
				<record id="object_property">
					<integer id="get_property" value="Tidx"/>
					<integer id="set_property" value="indx"/>
				</record>
			</widget>
		</container>

		<container class="tcs_box" id="T_ak">
			<layout class="stick_to_sides_attachment" apply_to_children="true"/>
			<widget class="kit_picture" id="T_ak" kit_id="1" scale_picture="true" keep_aspect_ratio="true" image_alignment="centre" always_use_latest_object_list="true">
				<record id="object_property">
					<integer id="get_property" value="Tidx"/>
					<integer id="set_property" value="indx"/>
				</record>
			</widget>
		</container>

		<container class="tcs_box" id="T_tk">
			<layout class="stick_to_sides_attachment" apply_to_children="true"/>
			<widget class="kit_picture" id="T_tk" kit_id="2" scale_picture="true" keep_aspect_ratio="true" image_alignment="centre" always_use_latest_object_list="true">
				<record id="object_property">
					<integer id="get_property" value="Tidx"/>
					<integer id="set_property" value="indx"/>
				</record>
			</widget>
		</container>
	</container>

<container height="26">
		<string id="remove_if" value="ui.is_fmt_controller_skin" />
		<attachment_group class="horizontal_arrange" horizontal_alignment="fill" horizontal_offset="0" vertical_inset="0" />

		<container class="inner_box_no_margin" id="hLco" >
			<attachment_group class="horizontal_arrange" horizontal_alignment="middle" horizontal_offset="0" horizontal_gap="0" vertical_inset="0" />

			<widget class="label" id="T_th"  alignment="centre" auto_size="horizontal">
				<translation id="text" translation_id="256675" type="use" value="Home[COMMENT: team_information_panel; Home Kit Graphic Title]" />
			</widget>
		</container>

		<container class="inner_box_no_margin" id="aLco" >
			<attachment_group class="horizontal_arrange" horizontal_alignment="middle" horizontal_offset="0" horizontal_gap="0" vertical_inset="0" />

			<widget class="label" id="T_ta"  alignment="centre" auto_size="horizontal">
				<translation id="text" translation_id="256676" type="use" value="Away[COMMENT: team_information_panel; Away Kit Graphic Title]" />
			</widget>
		</container>

		<container class="inner_box_no_margin" id="tLco" >
			<attachment_group class="horizontal_arrange" horizontal_alignment="middle" horizontal_offset="0" horizontal_gap="0" vertical_inset="0" />

			<widget class="label" id="T_tl" alignment="centre" auto_size="horizontal">
				<translation id="text" translation_id="256677" type="use" value="Third[COMMENT: team_information_panel; Third Kit Graphic Title]" />
			</widget>
		</container>

	</container>


</panel>