<panel>
	<attachment_group class="vertical_arrange_autosize" horizontal_inset="0" vertical_offset="0"/>

	<container class="tcs_box">
		<attachment_group class="vertical_arrange_autosize" horizontal_inset="0" />
		<!-- name - a widget will be created in this container based on the type of the object -->
		<container id="name">
			<attachment_group class="vertical_arrange_autosize" vertical_offset="0" vertical_gap="0" horizontal_inset="0" />

			<record id="widget_properties" info_popup_enabled="true" font="title" auto_size="vertical"/>
		</container>

		<!--profile picture-->
		<widget class="object_portrait_picture" id="picT">
			<boolean id="scale_picture" value="true"/>
			<boolean id="keep_aspect_ratio" value="true"/>
			<flags id="image_alignment" value="centre"/>
		</widget>

		<!-- We might want more customisation, in that case we'll have to allow this 
    panel to have its name props and value props set by client object biopic-->
		<container class="client_object_label_value_table" id="mini" auto_size="vertical">
			<!--this record contains any properties you want to pass on to the table-->
			<record id="table_properties">
				<flags id="auto_size" value="vertical" />
				<flags id="sort_disabled" value="true" />

				<!-- default properties adopted by every item in table -->
				<list id="column_widget_properties">
					<record index="0">
						<flags id="alignment" value="left,centre_y"/>
					</record>
					<record index="1">
						<flags id="alignment" value="right,centre_y"/>
						<integer id="comp_display_type" value="2"/>
						<flags id="colour" value="selection"/>
					</record>
				</list>
			</record>


		</container>
	</container>
</panel>
