<panel>
	<attachment_group class="vertical_arrange" vertical_alignment="top,extend" vertical_gap="0"/>
	<integer id="number_of_stories_to_request" value="100"/>

	<!-- FAKE BROWSER HEADER -->
	<container height="56">
		<!-- LAYOUT HAS THE BOOKMARKS ICON STATIC, THEN EVERYTHING ELSE IS PUSHED TO THE LEFT -->
		<attachment_group class="horizontal_arrange" horizontal_alignment="right,extend" horizontal_gap="8"/>
		
		<!-- REST OF HEADER -->
		<container class="main_box">
			<attachment_group class="horizontal_arrange" horizontal_alignment="left,extend" horizontal_gap="8"/>
		
			<!-- BACK BUTTON -->
			<widget class="screen_history_button" id="back" fixed="true" width="30" appearance="chrome/buttons/items/button" icon="icons/26px/back" icon_alignment="centre" gamepad_icon_alignment="top,centre_x">
				<attachment class="get_global_attachment" get_property="hnpt" set_property="itms"/>
				<record id="click_event" event_id="GOTO" event_target="brow" scin="-3"/>
				<string id="controller_button" value="left_shoulder"/>
				<attachment class="test_global_attachment" get_property="MnuS" mode="not_equal" value="true" set_property="hidn" skip_if_null="true"/>
			</widget>

			<!-- NEXT BUTTON -->
			<widget class="screen_history_button" id="forw" fixed="true" width="30" appearance="chrome/buttons/items/button" icon="icons/26px/forward" icon_alignment="centre" gamepad_icon_alignment="top,centre_x">
				<attachment class="get_global_attachment" get_property="hnit" set_property="itms"/>
				<record id="click_event" event_id="GOTO" event_target="brow" scin="-2"/>
				<string id="controller_button" value="right_shoulder"/>
				<attachment class="test_global_attachment" get_property="MnuS" mode="not_equal" value="true" set_property="hidn" skip_if_null="true"/>
			</widget>
			
			<!-- URL BAR -->
			<container class="tcs_box" rrep="browser url" appearance="tcs/boxes/news/url/paper">
				<attachment_group class="horizontal_arrange" horizontal_alignment="left" horizontal_gap="8"/>
				
				<!-- FAKE SETTINGS BUTTON -->
				<container width="20" class="tcs_box" appearance="tcs/boxes/news/url/settings"/>
				
				<!-- URL -->
				<container>
					<attachment_group class="horizontal_arrange_autosize" horizontal_gap="0"/>
 
					<record id="default_properties" auto_size="horizontal">
					</record>
 
					<widget class="text" text="www.athletcs.com">
						<layout class="stick_to_sides_attachment" alignment="top" inset="3"/>
					</widget>

					<widget class="text" text="/home" colour="grey">
						<layout class="stick_to_sides_attachment" alignment="top" inset="3"/>
					</widget>
				</container>
 
			</container>
		</container>
		
		<!-- BOOKMARKS -->
		<container width="38">
			<layout class="stick_to_sides_attachment" apply_to_children="true"/>
									
			<!-- OPEN BOOKMARKS BUTTON -->
			<widget class="menubar_icon_button" id="boBK" appearance="tcs/icons/interface/bookmarks" secondary_icon_enabled="false" icon_alignment="right" controller_button="select_button" gamepad_icon_alignment="centre_right" rrep="tcs_accent">

				<!-- THIS CLICK EVENT MUST MATCH THE REST OF THE EVENT IDS IN THE BUTTONS -->
				<event id="click_event" event_id="bBmk"/>
										
				<!-- THIS EVENT OPENS THE BOOKMARKS -->
				<attachment class="event_relay_attachment" event_id="bBmk">
					<record id="action_event">
						<flags id="event_id" value="show"/>
						<flags id="event_target" value="bkmk"/>
					</record>
				</attachment>

				<!-- THIS EVENT HIDES THE BOOKMARK ICON -->
				<attachment class="event_relay_attachment" event_id="bBmk">
					<record id="action_event">
						<flags id="event_id" value="hide"/>
						<flags id="event_target" value="boBK"/>
					</record>
				</attachment>
											
				<!-- THIS EVENT SHOWS THE CLOSE BUTTON -->
				<attachment class="event_relay_attachment" event_id="bBmk">
					<record id="action_event">
						<flags id="event_id" value="show"/>
						<flags id="event_target" value="bcBK"/>
					</record>
				</attachment>
			</widget>
										
			<!-- BOOKMARK CLOSE BUTTON -->
			<widget class="icon_button" id="bcBK" alignment="right,centre_y" icon_alignment="centre_x,centre_y" appearance="buttons/primary/normal/button" rrep="popup_box_background" icon="icons/16px/cross" icon_colour="fg" hidn="true">
				<translation id="hint" translation_id="249644" type="use"/>
								
				<event id="click_event" event_id="bBmk"/>
												
				<!-- HIDES THE BOOKMARKS MENU -->
				<attachment class="event_relay_attachment" event_id="bBmk">
					<record id="action_event">
						<flags id="event_id" value="hide"/>
						<flags id="event_target" value="bkmk"/>
					</record>
				</attachment>

				<!-- HIDES THE CLOSE BUTTON -->
				<attachment class="event_relay_attachment" event_id="bBmk">
					<record id="action_event">
						<flags id="event_id" value="hide"/>
						<flags id="event_target" value="bcBK"/>
					</record>
				</attachment>
											
				<!-- SHOWS THE OPEN BOOKMARKS BUTTON -->
				<attachment class="event_relay_attachment" event_id="bBmk">
					<record id="action_event">
						<flags id="event_id" value="show"/>
						<flags id="event_target" value="boBK"/>
					</record>
				</attachment>
			</widget>
		</container>
	</container>
	
	<!-- CONTENT -->
	<container class="tcs_box" appearance="tcs/boxes/news/bottom/paper">
		<attachment_group class="vertical_arrange" vertical_alignment="top,extend" vertical_gap="0"/>
					
		<!-- PAGE HEADER -->
		<container height="50" bkcl="bg darker">
			<attachment_group class="horizontal_arrange" horizontal_alignment="left" horizontal_gap="24" horizontal_offset="24"/>
			<record id="default_properties" auto_size="horizontal" alignment="left,centre_y" colour="fg"/>

			<!-- LOGO AND TAG LINE -->
			<container>
				<attachment_group class="horizontal_arrange_autosize"/>
				
				<!-- DEFAULT PROPERTIES SO WE DON'T HAVE TO DEFINE EVERY TIME -->
				<record id="default_properties" auto_size="horizontal" alignment="left,centre_y" colour="fg"/>

				<!-- ICON -->
				<widget class="picture" file="icons/48px/whistle" colour="white" width="50" height="50" scale_picture="true" alignment="centre_y"/>

				<!-- TITLE -->
				<widget class="text" text="The AthleTCS" font="web-condensed" size="30"/>
			</container>
			
			<!-- DIVIDER -->
			<widget class="vertical_divider" width="2"/>

			<!-- SUBTITLE -->
			<widget class="text" text="Access sports reporting that sets the standard " font="web-condensed" alignment="left, centre_y" colour="fg" size="12"/>
		</container>
			
		<!-- MULTIPLAYER HUMAN NEWS ONLY -->
		<widget class="check_box" id="NGhn" auto_size="all" select_event="NGht" colour="text">
			<translation id="text" translation_id="466403" type="use" value="Show human-related news only[COMMENT: FR 11210; Competition news panel; check box to allow filtering of news to only include news related to other humans in a multiplayer game]"/>
		</widget>
		
		<container default_width="-1" minimum_width="675" priority="1">
			<layout class="stick_to_sides_attachment" alignment="horizontal" apply_to_children="true"/>
			<layout class="arrange_vertical_attachment" alignment="top, extend"/>
		
			<widget class="formatted_label" auto_size="none" id="noLB" multiline="true" alignment="centre" colour="website text" size="xxlarge" hidden="true">
				<!-- Choose string based on object type -->
				<list id="format">
					<record value="3">
						<translation id="format" translation_id="395482" type="use" value="There is currently no news to display for this club.[COMMENT:FR 11005; FM news panel; String displayed when there is not yet any news to display to user]"/>
					</record>
					<record value="5">
						<translation id="format" translation_id="395484" type="use" value="There is currently no news to display for this continent.[COMMENT:FR 11005; FM news panel; String displayed when there is not yet any news to display to user]"/>
					</record>
					<record value="9">
						<translation id="format" translation_id="395485" type="use" value="There is currently no news to display for this nation.[COMMENT:FR 11005; FM news panel; String displayed when there is not yet any news to display to user]"/>
					</record>
					<record value="25">
						<translation id="format" translation_id="395483" type="use" value="There is currently no news to display for this competition.[COMMENT:FR 11005; FM news panel; String displayed when there is not yet any news to display to user]"/>
					</record>
					<record default_value="true">
						<translation id="format" translation_id="388376" type="use" value="There is currently no news to display.[COMMENT:FMC competition news; String displayed when there is not yet any news to display to user in the currently selected category]"/>
					</record>
				</list>
			</widget>

			<container class="scrolling_box" id="ScrB" navigation_container="true">
				<flags id="scroll_bar_class" value="scroll_bar_vertical_inbox"/>
				<layout class="stick_to_sides_attachment" alignment="horizontal" inset="0"/>

				<container>
					<attachment_group class="vertical_arrange_autosize"/>

					<!-- HEADER ITEMS AND SUB HEADER -->
					<container>
						<attachment_group class="vertical_arrange_autosize" vertical_gap="0"/>

						<!-- TAB NEWS ITEM -->
						<container bkcl="grey 900" height="38" class="main_box">
							<attachment_group class="horizontal_arrange" horizontal_alignment="middle">
								<global id="horizontal_gap" name="ui.main_box_gap"/>
							</attachment_group>

							<record id="default_properties" file="competition/tcs/website/athletcs/header item"/>

							<container class="competition_news_item_panel" index="23"/>
							<container class="competition_news_item_panel" index="24"/>
						</container>
					
						<!-- SUB HEADER 
						<container class="competition_news_side_panel" id="side" height="130" file="competition/tcs/website/athletcs/header v2"/> -->
					</container>

					<container>
						<attachment_group class="vertical_arrange_autosize" horizontal_inset="60">
							<global id="vertical_gap" name="ui.main_box_gap"/>
						</attachment_group>
					
						<!-- TOP SECTION -->
						<container height="380" draw_vertical_dividers="true" class="horizontal_adaptive_container" gap="16">

							<!-- LEFT // MAIN ARTICLE -->
							<container default_width="-4" priority="1" minimum_width="300" class="main_box">
								<layout class="stick_to_sides_attachment" apply_to_children="true"/>

								<container class="competition_news_item_panel" index="0" file="competition/tcs/website/athletcs/item_l">
									<record id="object_property" get_property="objt" set_property="objt"/>
								</container>

							</container>

							<!-- MIDDLE SECTION -->
							<container default_width="-3" priority="2" draw_horizontal_dividers="true">
								<attachment_group class="vertical_arrange" vertical_alignment="fill"/>
							
								<record id="default_properties" file="competition/tcs/website/athletcs/item_m"/>
							
								<container class="competition_news_item_panel" index="1">
									<record id="object_property" get_property="objt" set_property="objt"/>
								</container>
								<container class="competition_news_item_panel" index="2">
									<record id="object_property" get_property="objt" set_property="objt"/>
								</container>
								<container class="competition_news_item_panel" index="3">
									<record id="object_property" get_property="objt" set_property="objt"/>
								</container>
							</container>
														
							<!-- RIGHT // MEH -->
							<container default_width="-3" priority="3" minimum_width="100" class="main_box">
								<attachment_group class="vertical_arrange" vertical_alignment="fill"/>
							
								<record id="default_properties" file="competition/tcs/website/athletcs/item title"/>
							
								<container class="competition_news_item_panel" index="16">
									<record id="object_property" get_property="objt" set_property="objt"/>
								</container>
								<container class="competition_news_item_panel" index="17">
									<record id="object_property" get_property="objt" set_property="objt"/>
								</container>
								<container class="competition_news_item_panel" index="18">
									<record id="object_property" get_property="objt" set_property="objt"/>
								</container>
								<container class="competition_news_item_panel" index="19">
									<record id="object_property" get_property="objt" set_property="objt"/>
								</container>
								<container class="competition_news_item_panel" index="20">
									<record id="object_property" get_property="objt" set_property="objt"/>
								</container>
								<container class="competition_news_item_panel" index="21">
									<record id="object_property" get_property="objt" set_property="objt"/>
								</container>
								<container class="competition_news_item_panel" index="22">
									<record id="object_property" get_property="objt" set_property="objt"/>
								</container>
							</container>
						</container>
						
						<!-- DIVIDER -->
						<widget class="horizontal_subtle_divider" height="2"/>
						
						<!-- MIDDLE SECTION -->
						<container height="380" draw_vertical_dividers="true" class="horizontal_adaptive_container" gap="16">

							<!-- LEFT // MAIN ARTICLE -->
							<container default_width="-1" priority="1" minimum_width="300" class="main_box">
<attachment_group class="vertical_arrange" vertical_alignment="fill" />

<record id="default_properties"  file="competition/tcs/website/athletcs/item_l_alt"/>

								<container class="competition_news_item_panel" index="5">
									<record id="object_property" get_property="objt" set_property="objt"/>
								</container>
								<container class="competition_news_item_panel" index="6" >
									<record id="object_property" get_property="objt" set_property="objt"/>
								</container>

							</container>

							<!-- MIDDLE SECTION -->
							<container default_width="-1" priority="2" draw_horizontal_dividers="true">
								<attachment_group class="vertical_arrange" vertical_alignment="fill"/>
							
								<record id="default_properties" file="competition/tcs/website/athletcs/item_l_imageonly"/>
							
								<container class="competition_news_item_panel" index="4">
									<record id="object_property" get_property="objt" set_property="objt"/>
								</container>
			
							</container>
														
								</container>
								
									<!-- TOP SECTION -->
						<container height="380" draw_vertical_dividers="true" class="horizontal_adaptive_container" gap="16">

							<!-- LEFT // MAIN ARTICLE -->
							<container default_width="-4" priority="1" minimum_width="300" class="main_box">
								<layout class="stick_to_sides_attachment" apply_to_children="true"/>

								<container class="competition_news_item_panel" index="7" file="competition/tcs/website/athletcs/item_l">
									<record id="object_property" get_property="objt" set_property="objt"/>
								</container>

							</container>

							<!-- MIDDLE SECTION -->
							<container default_width="-3" priority="2" draw_horizontal_dividers="true">
								<attachment_group class="vertical_arrange" vertical_alignment="fill"/>
							
								<record id="default_properties" file="competition/tcs/website/athletcs/item_m"/>
							
								<container class="competition_news_item_panel" index="8">
									<record id="object_property" get_property="objt" set_property="objt"/>
								</container>
								<container class="competition_news_item_panel" index="9">
									<record id="object_property" get_property="objt" set_property="objt"/>
								</container>
								<container class="competition_news_item_panel" index="10">
									<record id="object_property" get_property="objt" set_property="objt"/>
								</container>
							</container>
														
							<!-- RIGHT // MEH -->
							<container default_width="-3" priority="3" minimum_width="100" class="main_box">
								<attachment_group class="vertical_arrange" vertical_alignment="fill"/>
							
								<record id="default_properties" file="competition/tcs/website/athletcs/item title"/>
							
								<container class="competition_news_item_panel" index="11">
									<record id="object_property" get_property="objt" set_property="objt"/>
								</container>
								<container class="competition_news_item_panel" index="12">
									<record id="object_property" get_property="objt" set_property="objt"/>
								</container>
								<container class="competition_news_item_panel" index="13">
									<record id="object_property" get_property="objt" set_property="objt"/>
								</container>
								<container class="competition_news_item_panel" index="14">
									<record id="object_property" get_property="objt" set_property="objt"/>
								</container>
								<container class="competition_news_item_panel" index="15">
									<record id="object_property" get_property="objt" set_property="objt"/>
								</container>
							
							</container>
						</container>
					

					
					</container>

				</container>
			</container>
		</container>
				
	</container>

	
</panel>