<!-- PANEL THAT SHOWS AT THE TOP OF THE PLAYER OVERVIEW -->
<panel>
	<layout class="stick_to_sides_attachment" apply_to_children="true"/>
	<boolean id="should_force_refresh" value="true"/>

	<!-- MAIN CONTAINER -->
	<container class="tcs_box" appearance="tcs/boxes/main/outline/header/paper" rrep="primary" brep="tcs_accent" draw_vertical_dividers="true">
		<attachment_group class="horizontal_arrange" horizontal_alignment="left,extend" horizontal_gap="8"/>

		<!-- PLAYER INFO -->
		<container width="520">
			<layout class="stick_to_sides_attachment" apply_to_children="true"/>

			<container>
				<attachment_group class="horizontal_arrange_autosize" vertical_offset="0" horizontal_inset="0"/>

				<!-- CONTAINER HOLDING KIT AND PLAER PIC -->
				<container width="290">
					<attachment_group class="horizontal_arrange" horizontal_gap="-125"/>

					<container width="250">
						<layout class="stick_to_sides_attachment" apply_to_children="true"/>

						<widget id="cKit" class="kit_icon" width="170" image_alignment="centre" scale_picture="true" kit_path="zoomed/large" kit_number_path="large" >
							<record id="object_property" get_property="Pers" set_property="objt"/>
						</widget>

						<!-- Status Indicators -->
						<widget class="player_status_all_button" id="psAB" maximised="true" auto_size="vertical" alignment="bottom" gap="-2" max_items_per_row_or_column="6">
							<layout class="stick_to_sides_attachment" alignment="top,right" inset="0,2"/>
							<record id="object_property" get_property="Pnfa"/>
						</widget>
						
									<!-- CAPTAIN INDICATORS -->
		<container>
			<attachment_group class="horizontal_arrange" horizontal_alignment="left" horizontal_offset="4" vertical_inset="8"/>
		
			<widget class="picture" file="tcs/icons/captain/captain_alt" width="22" height="22" keep_aspect_ratio="true" scale_picture="true" image_alignment="centre_x,bottom" rrep="fg accent">
				<record id="object_property" get_property="PisC" set_property="Shwn"/>
			</widget>
			
			<widget class="picture" file="tcs/icons/captain/vice" width="22" height="22" keep_aspect_ratio="true" scale_picture="true" image_alignment="centre_x,bottom" rrep="fg tertiary">
				<record id="object_property" get_property="PisV" set_property="Shwn"/>
			</widget>
		</container>
					</container>
				</container>

				<!-- LOGOS AND EXTRA DETAILS -->
				<container width="220" priority="1">
					<attachment_group class="vertical_arrange" vertical_alignment="top,extend"/>

					<container height="55">
						<attachment_group class="horizontal_arrange" horizontal_alignment="fill"/>

						<!-- CLUB -->
						<container class="tcs_box" appearance="tcs/boxes/main/outline/paper" rrep="bg lighter" brep="primary">
							<layout class="stick_to_sides_attachment" apply_to_children="true"/>

							<!-- IF NO CLUB -->
							<widget class="value_based_picture" scale_picture="true" file="none">
								<list id="value_list">
									<record value="0" file="tcs/icons/unemployed/img"/>
								</list>
								<record id="object_property">
									<list id="get_properties">
										<record get_property="Pcjo" set_property="valu" dont_set_hint="true"/>
									</list>
								</record>
							</widget>

							<!-- IF CLUB -->
							<widget class="object_portrait_picture" id="pclB" image_alignment="centre" scale_picture="true">
								<record id="object_property" dont_set_hint="true" get_property="Pclb" set_property="objt"/>
							</widget>
						</container>

						<!-- NATION LOGO -->
						<container class="tcs_box" appearance="tcs/boxes/main/outline/paper" rrep="bg lighter" brep="primary">
							<layout class="stick_to_sides_attachment" apply_to_children="true"/>

							<widget class="object_portrait_picture" id="npiB" image_alignment="centre" scale_picture="true">
								<record id="object_property" dont_set_hint="true" get_property="PNat" set_property="objt"/>
							</widget>
						</container>
					</container>

					<!-- SMALL SELECTOR -->
					<container>
						<layout class="stick_to_sides_attachment" apply_to_children="true"/>

						<container class="client_object_viewer_selector_panel" id="tcsH" file="player/player overview small header selector panel" save_session_state="true">
							<integer id="default_for_unemployed_managers" value="pers"/>
							<integer id="default_for_international_managers_other_team" value="pers"/>
							<integer id="default_for_everyone_else" value="pers"/>
							<integer id="default_for_versus_mode" value="pers"/>
						</container>
					</container>
				</container>

			</container>

			<!-- PLAYER FACE -->
			<container>
				<attachment_group class="horizontal_arrange" horizontal_alignment="left,extend"/>

				<container width="120"/>

				<container width="180">
				<layout class="stick_to_sides_attachment" apply_to_children="true"/>

				<widget class="object_portrait_picture" id="face" image_alignment="centre,bottom" scale_picture="true" keep_aspect_ratio="true" wants_mouse_events="false">
					<record id="object_property" get_property="objt"/>
				</widget>
		
				<!-- BUTTON TO SHOW THE ID -->
				<widget class="button" appearance="tcs/buttons/text/button" id="tID1">
				
					<event id="click_event" event_id="TuiD"/>
					
					<!-- THIS EVENT HIDES THE ID BUTTON PANEL -->
					<attachment class="event_relay_attachment" event_id="TuiD">
						<record id="action_event">
							<flags id="event_id" value="hide"/>
							<flags id="event_target" value="tID1"/>
						</record>
					</attachment>

					<!-- THIS EVENT SHOWS THE CLOSE ID BUTTON -->
					<attachment class="event_relay_attachment" event_id="TuiD">
						<record id="action_event">
							<flags id="event_id" value="show"/>
							<flags id="event_target" value="tID2"/>
						</record>
					</attachment>
					
					<!-- THIS EVENT SHOWS THE UNIQUE ID BOX -->
					<attachment class="event_relay_attachment" event_id="TuiD">
						<record id="action_event">
							<flags id="event_id" value="show"/>
							<flags id="event_target" value="plID"/>
						</record>
					</attachment>
				</widget>

				<!-- BUTTON TO CLOSE THE ID -->
				<widget class="button" appearance="tcs/buttons/text/button" id="tID2" hidn="true">
				
					<event id="click_event" event_id="TuiD"/>
					
					<!-- THIS EVENT HIDES THE CLOSE ID BUTTON -->
					<attachment class="event_relay_attachment" event_id="TuiD">
						<record id="action_event">
							<flags id="event_id" value="hide"/>
							<flags id="event_target" value="tID2"/>
						</record>
					</attachment>
					
					<!-- THIS BUTTON SHOWS THE OPEN ID BUTTON -->
					<attachment class="event_relay_attachment" event_id="TuiD">
						<record id="action_event">
							<flags id="event_id" value="show"/>
							<flags id="event_target" value="tID1"/>
						</record>
					</attachment>
					
					<!-- THIS BUTTON CLOSES THE ID -->
					<attachment class="event_relay_attachment" event_id="TuiD">
						<record id="action_event">
							<flags id="event_id" value="hide"/>
							<flags id="event_target" value="plID"/>
						</record>
					</attachment>
				</widget>
				
		
			
	<container id="plID" hidn="true">
			<attachment_group class="horizontal_arrange" horizontal_alignment="right"/>
			<animation class="slide_in_bottom_animation"/>

			<container width="160">
				<attachment_group class="vertical_arrange" vertical_alignment="bottom"/>
			
				<widget class="edit_box" width="150" height="16" select_on_focus="true" alignment="centre,centre_y" navigation_focus_target="false" wants_mouse_events="true" auto_size="vertical" appearance="tcs/boxes/uniqueid/box">
					<record id="object_property" get_property="id" set_property="valu"/>
				</widget>
			</container>
			
		</container>
		</container>

				<container/>

			</container>
	


		</container>

		<container class="horizontal_adaptive_container" gap="16" id="left" draw_vertical_dividers="true">
			<attachment_group class="horizontal_arrange" horizontal_alignment="fill"/>

			<record id="default_properties" default_width="-1" minimum_width="340"/>

			<container priority="1">
				<layout class="stick_to_sides_attachment" apply_to_children="true"/>
				<container class="client_object_viewer_selector_panel" id="tcHl" file="player/player overview header selector panel" save_session_state="true">
					<integer id="default_for_unemployed_managers" value="tpAb"/>
					<integer id="default_for_international_managers_other_team" value="tpAb"/>
					<integer id="default_for_everyone_else" value="tpAb"/>
					<integer id="default_for_versus_mode" value="tpAb"/>
				</container>
			</container>

			<container priority="2">
				<layout class="stick_to_sides_attachment" apply_to_children="true"/>
				<container class="client_object_viewer_selector_panel" id="tcHm" file="player/player overview header selector panel" save_session_state="true">
					<integer id="default_for_unemployed_managers" value="tPCo"/>
					<integer id="default_for_international_managers_other_team" value="tPCo"/>
					<integer id="default_for_everyone_else" value="tPCo"/>
					<integer id="default_for_versus_mode" value="tPCo"/>
				</container>
			</container>

			<container priority="3">
				<layout class="stick_to_sides_attachment" apply_to_children="true"/>
				<container class="client_object_viewer_selector_panel" id="tcHR" file="player/player overview header selector panel" save_session_state="true">
					<integer id="default_for_unemployed_managers" value="Pcrs"/>
					<integer id="default_for_international_managers_other_team" value="Pcrs"/>
					<integer id="default_for_everyone_else" value="Pcrs"/>
					<integer id="default_for_versus_mode" value="Pcrs"/>
				</container>
			</container>

		</container>

	</container>
</panel>