<class class="bar_centre_back_posslost" parent="match_rating_label" font="transparent" size="0" should_recolour="false" fixed_appearance_alignment="bottom" image_aligment="centre_x,centre_y">
	<list id="value_list">
		<record min_value="11.50" max_value="1000" appearance="mustermann/barchart/0" image_aligment="centre_x,centre_y" red_replacement="bar_possess" blue_replacement="bar_possess_border" colour="" hidden="false"/>
		<record min_value="8.64" max_value="11.50" appearance="mustermann/barchart/5" image_aligment="centre_x,centre_y" red_replacement="bar_possess" blue_replacement="bar_possess_border" colour="" hidden="false"/>
		<record min_value="7.61" max_value="8.64" appearance="mustermann/barchart/10" image_aligment="centre_x,centre_y" red_replacement="bar_possess" blue_replacement="bar_possess_border" colour="" hidden="false"/>
		<record min_value="7.05" max_value="7.61" appearance="mustermann/barchart/15" image_aligment="centre_x,centre_y" red_replacement="bar_possess" blue_replacement="bar_possess_border" colour="" hidden="false"/>
		<record min_value="6.56" max_value="7.05" appearance="mustermann/barchart/20" image_aligment="centre_x,centre_y" red_replacement="bar_possess" blue_replacement="bar_possess_border" colour="" hidden="false"/>
		<record min_value="6.17" max_value="6.56" appearance="mustermann/barchart/25" image_aligment="centre_x,centre_y" red_replacement="bar_possess" blue_replacement="bar_possess_border" colour="" hidden="false"/>
		<record min_value="5.89" max_value="6.17" appearance="mustermann/barchart/30" image_aligment="centre_x,centre_y" red_replacement="bar_possess" blue_replacement="bar_possess_border" colour="" hidden="false"/>
		<record min_value="5.64" max_value="5.89" appearance="mustermann/barchart/35" image_aligment="centre_x,centre_y" red_replacement="bar_possess" blue_replacement="bar_possess_border" colour="" hidden="false"/>
		<record min_value="5.41" max_value="5.64" appearance="mustermann/barchart/40" image_aligment="centre_x,centre_y" red_replacement="bar_possess" blue_replacement="bar_possess_border" colour="" hidden="false"/>
		<record min_value="5.20" max_value="5.41" appearance="mustermann/barchart/45" image_aligment="centre_x,centre_y" red_replacement="bar_possess" blue_replacement="bar_possess_border" colour="" hidden="false"/>
		<record min_value="5.03" max_value="5.20" appearance="mustermann/barchart/50" image_aligment="centre_x,centre_y" red_replacement="bar_possess" blue_replacement="bar_possess_border" colour="" hidden="false"/>
		<record min_value="4.85" max_value="5.03" appearance="mustermann/barchart/55" image_aligment="centre_x,centre_y" red_replacement="bar_possess" blue_replacement="bar_possess_border" colour="" hidden="false"/>
		<record min_value="4.69" max_value="4.85" appearance="mustermann/barchart/60" image_aligment="centre_x,centre_y" red_replacement="bar_possess" blue_replacement="bar_possess_border" colour="" hidden="false"/>
		<record min_value="4.52" max_value="4.69" appearance="mustermann/barchart/65" image_aligment="centre_x,centre_y" red_replacement="bar_possess" blue_replacement="bar_possess_border" colour="" hidden="false"/>
		<record min_value="4.38" max_value="4.52" appearance="mustermann/barchart/70" image_aligment="centre_x,centre_y" red_replacement="bar_possess" blue_replacement="bar_possess_border" colour="" hidden="false"/>
		<record min_value="4.21" max_value="4.38" appearance="mustermann/barchart/75" image_aligment="centre_x,centre_y" red_replacement="bar_possess" blue_replacement="bar_possess_border" colour="" hidden="false"/>
		<record min_value="4.04" max_value="4.21" appearance="mustermann/barchart/80" image_aligment="centre_x,centre_y" red_replacement="bar_possess" blue_replacement="bar_possess_border" colour="" hidden="false"/>
		<record min_value="3.86" max_value="4.04" appearance="mustermann/barchart/85" image_aligment="centre_x,centre_y" red_replacement="bar_possess" blue_replacement="bar_possess_border" colour="" hidden="false"/>
		<record min_value="3.66" max_value="3.86" appearance="mustermann/barchart/90" image_aligment="centre_x,centre_y" red_replacement="bar_possess" blue_replacement="bar_possess_border" colour="" hidden="false"/>
		<record min_value="3.38" max_value="3.66" appearance="mustermann/barchart/95" image_aligment="centre_x,centre_y" red_replacement="bar_possess" blue_replacement="bar_possess_border" colour="" hidden="false"/>
		<record min_value="0" max_value="3.38" appearance="mustermann/barchart/99" image_aligment="centre_x,centre_y" red_replacement="bar_possess" blue_replacement="bar_possess_border" colour="" hidden="false"/>
		<record min_value="-1" max_value="0" appearance="mustermann/barchart/0" image_aligment="centre_x,centre_y" red_replacement="bar_possess" blue_replacement="bar_possess_border" colour="" hidden="false"/>
	</list>
</class>