<class class="bar_striker_posslost" parent="match_rating_label" font="transparent" size="0" should_recolour="false" fixed_appearance_alignment="bottom" image_aligment="centre_x,centre_y">
	<list id="value_list">
		<record min_value="22.79" max_value="1000" appearance="mustermann/barchart/0" image_aligment="centre_x,centre_y" red_replacement="bar_possess" blue_replacement="bar_possess_border" colour="" hidden="false"/>
		<record min_value="18.22" max_value="22.79" appearance="mustermann/barchart/5" image_aligment="centre_x,centre_y" red_replacement="bar_possess" blue_replacement="bar_possess_border" colour="" hidden="false"/>
		<record min_value="15.91" max_value="18.22" appearance="mustermann/barchart/10" image_aligment="centre_x,centre_y" red_replacement="bar_possess" blue_replacement="bar_possess_border" colour="" hidden="false"/>
		<record min_value="14.59" max_value="15.91" appearance="mustermann/barchart/15" image_aligment="centre_x,centre_y" red_replacement="bar_possess" blue_replacement="bar_possess_border" colour="" hidden="false"/>
		<record min_value="13.61" max_value="14.59" appearance="mustermann/barchart/20" image_aligment="centre_x,centre_y" red_replacement="bar_possess" blue_replacement="bar_possess_border" colour="" hidden="false"/>
		<record min_value="12.74" max_value="13.61" appearance="mustermann/barchart/25" image_aligment="centre_x,centre_y" red_replacement="bar_possess" blue_replacement="bar_possess_border" colour="" hidden="false"/>
		<record min_value="11.97" max_value="12.74" appearance="mustermann/barchart/30" image_aligment="centre_x,centre_y" red_replacement="bar_possess" blue_replacement="bar_possess_border" colour="" hidden="false"/>
		<record min_value="11.28" max_value="11.97" appearance="mustermann/barchart/35" image_aligment="centre_x,centre_y" red_replacement="bar_possess" blue_replacement="bar_possess_border" colour="" hidden="false"/>
		<record min_value="10.77" max_value="11.28" appearance="mustermann/barchart/40" image_aligment="centre_x,centre_y" red_replacement="bar_possess" blue_replacement="bar_possess_border" colour="" hidden="false"/>
		<record min_value="10.25" max_value="10.77" appearance="mustermann/barchart/45" image_aligment="centre_x,centre_y" red_replacement="bar_possess" blue_replacement="bar_possess_border" colour="" hidden="false"/>
		<record min_value="9.85" max_value="10.25" appearance="mustermann/barchart/50" image_aligment="centre_x,centre_y" red_replacement="bar_possess" blue_replacement="bar_possess_border" colour="" hidden="false"/>
		<record min_value="9.47" max_value="9.85" appearance="mustermann/barchart/55" image_aligment="centre_x,centre_y" red_replacement="bar_possess" blue_replacement="bar_possess_border" colour="" hidden="false"/>
		<record min_value="9.12" max_value="9.47" appearance="mustermann/barchart/60" image_aligment="centre_x,centre_y" red_replacement="bar_possess" blue_replacement="bar_possess_border" colour="" hidden="false"/>
		<record min_value="8.77" max_value="9.12" appearance="mustermann/barchart/65" image_aligment="centre_x,centre_y" red_replacement="bar_possess" blue_replacement="bar_possess_border" colour="" hidden="false"/>
		<record min_value="8.44" max_value="8.77" appearance="mustermann/barchart/70" image_aligment="centre_x,centre_y" red_replacement="bar_possess" blue_replacement="bar_possess_border" colour="" hidden="false"/>
		<record min_value="8.09" max_value="8.44" appearance="mustermann/barchart/75" image_aligment="centre_x,centre_y" red_replacement="bar_possess" blue_replacement="bar_possess_border" colour="" hidden="false"/>
		<record min_value="7.77" max_value="8.09" appearance="mustermann/barchart/80" image_aligment="centre_x,centre_y" red_replacement="bar_possess" blue_replacement="bar_possess_border" colour="" hidden="false"/>
		<record min_value="7.35" max_value="7.77" appearance="mustermann/barchart/85" image_aligment="centre_x,centre_y" red_replacement="bar_possess" blue_replacement="bar_possess_border" colour="" hidden="false"/>
		<record min_value="6.97" max_value="7.35" appearance="mustermann/barchart/90" image_aligment="centre_x,centre_y" red_replacement="bar_possess" blue_replacement="bar_possess_border" colour="" hidden="false"/>
		<record min_value="6.39" max_value="6.97" appearance="mustermann/barchart/95" image_aligment="centre_x,centre_y" red_replacement="bar_possess" blue_replacement="bar_possess_border" colour="" hidden="false"/>
		<record min_value="0" max_value="6.39" appearance="mustermann/barchart/99" image_aligment="centre_x,centre_y" red_replacement="bar_possess" blue_replacement="bar_possess_border" colour="" hidden="false"/>
		<record min_value="-1" max_value="0" appearance="mustermann/barchart/0" image_aligment="centre_x,centre_y" red_replacement="bar_possess" blue_replacement="bar_possess_border" colour="" hidden="false"/>
	</list>
</class>