<class class="bar_full_back_prgpasses" parent="match_rating_label" font="transparent" size="0" should_recolour="false" fixed_appearance_alignment="bottom" image_aligment="centre_x,centre_y">
	<list id="value_list">
		<record min_value="-1" max_value="3.56" appearance="mustermann/barchart/0" image_aligment="centre_x,centre_y" red_replacement="bar_possess" blue_replacement="bar_possess_border" colour="" hidden="false"/>
		<record min_value="3.56" max_value="3.95" appearance="mustermann/barchart/5" image_aligment="centre_x,centre_y" red_replacement="bar_possess" blue_replacement="bar_possess_border" colour="" hidden="false"/>
		<record min_value="3.95" max_value="4.25" appearance="mustermann/barchart/10" image_aligment="centre_x,centre_y" red_replacement="bar_possess" blue_replacement="bar_possess_border" colour="" hidden="false"/>
		<record min_value="4.25" max_value="4.46" appearance="mustermann/barchart/15" image_aligment="centre_x,centre_y" red_replacement="bar_possess" blue_replacement="bar_possess_border" colour="" hidden="false"/>
		<record min_value="4.46" max_value="4.68" appearance="mustermann/barchart/20" image_aligment="centre_x,centre_y" red_replacement="bar_possess" blue_replacement="bar_possess_border" colour="" hidden="false"/>
		<record min_value="4.68" max_value="4.89" appearance="mustermann/barchart/25" image_aligment="centre_x,centre_y" red_replacement="bar_possess" blue_replacement="bar_possess_border" colour="" hidden="false"/>
		<record min_value="4.89" max_value="5.07" appearance="mustermann/barchart/30" image_aligment="centre_x,centre_y" red_replacement="bar_possess" blue_replacement="bar_possess_border" colour="" hidden="false"/>
		<record min_value="5.07" max_value="5.26" appearance="mustermann/barchart/35" image_aligment="centre_x,centre_y" red_replacement="bar_possess" blue_replacement="bar_possess_border" colour="" hidden="false"/>
		<record min_value="5.26" max_value="5.43" appearance="mustermann/barchart/40" image_aligment="centre_x,centre_y" red_replacement="bar_possess" blue_replacement="bar_possess_border" colour="" hidden="false"/>
		<record min_value="5.43" max_value="5.60" appearance="mustermann/barchart/45" image_aligment="centre_x,centre_y" red_replacement="bar_possess" blue_replacement="bar_possess_border" colour="" hidden="false"/>
		<record min_value="5.60" max_value="5.81" appearance="mustermann/barchart/50" image_aligment="centre_x,centre_y" red_replacement="bar_possess" blue_replacement="bar_possess_border" colour="" hidden="false"/>
		<record min_value="5.81" max_value="5.99" appearance="mustermann/barchart/55" image_aligment="centre_x,centre_y" red_replacement="bar_possess" blue_replacement="bar_possess_border" colour="" hidden="false"/>
		<record min_value="5.99" max_value="6.19" appearance="mustermann/barchart/60" image_aligment="centre_x,centre_y" red_replacement="bar_possess" blue_replacement="bar_possess_border" colour="" hidden="false"/>
		<record min_value="6.19" max_value="6.38" appearance="mustermann/barchart/65" image_aligment="centre_x,centre_y" red_replacement="bar_possess" blue_replacement="bar_possess_border" colour="" hidden="false"/>
		<record min_value="6.38" max_value="6.62" appearance="mustermann/barchart/70" image_aligment="centre_x,centre_y" red_replacement="bar_possess" blue_replacement="bar_possess_border" colour="" hidden="false"/>
		<record min_value="6.62" max_value="6.94" appearance="mustermann/barchart/75" image_aligment="centre_x,centre_y" red_replacement="bar_possess" blue_replacement="bar_possess_border" colour="" hidden="false"/>
		<record min_value="6.94" max_value="7.32" appearance="mustermann/barchart/80" image_aligment="centre_x,centre_y" red_replacement="bar_possess" blue_replacement="bar_possess_border" colour="" hidden="false"/>
		<record min_value="7.32" max_value="7.86" appearance="mustermann/barchart/85" image_aligment="centre_x,centre_y" red_replacement="bar_possess" blue_replacement="bar_possess_border" colour="" hidden="false"/>
		<record min_value="7.86" max_value="8.75" appearance="mustermann/barchart/90" image_aligment="centre_x,centre_y" red_replacement="bar_possess" blue_replacement="bar_possess_border" colour="" hidden="false"/>
		<record min_value="8.75" max_value="10.51" appearance="mustermann/barchart/95" image_aligment="centre_x,centre_y" red_replacement="bar_possess" blue_replacement="bar_possess_border" colour="" hidden="false"/>
		<record min_value="10.51" max_value="1000" appearance="mustermann/barchart/99" image_aligment="centre_x,centre_y" red_replacement="bar_possess" blue_replacement="bar_possess_border" colour="" hidden="false"/>
	</list>
</class>