<class class="bar_central_midfielder_tck" parent="match_rating_label" font="transparent" size="0" should_recolour="false" fixed_appearance_alignment="bottom" image_aligment="centre_x,centre_y">
	<list id="value_list">
		<record min_value="-1" max_value="1.38" appearance="mustermann/barchart/0" image_aligment="centre_x,centre_y" red_replacement="bar_defend" blue_replacement="bar_defend_border" colour="" hidden="false"/>
		<record min_value="1.38" max_value="1.54" appearance="mustermann/barchart/5" image_aligment="centre_x,centre_y" red_replacement="bar_defend" blue_replacement="bar_defend_border" colour="" hidden="false"/>
		<record min_value="1.54" max_value="1.66" appearance="mustermann/barchart/10" image_aligment="centre_x,centre_y" red_replacement="bar_defend" blue_replacement="bar_defend_border" colour="" hidden="false"/>
		<record min_value="1.66" max_value="1.75" appearance="mustermann/barchart/15" image_aligment="centre_x,centre_y" red_replacement="bar_defend" blue_replacement="bar_defend_border" colour="" hidden="false"/>
		<record min_value="1.75" max_value="1.83" appearance="mustermann/barchart/20" image_aligment="centre_x,centre_y" red_replacement="bar_defend" blue_replacement="bar_defend_border" colour="" hidden="false"/>
		<record min_value="1.83" max_value="1.89" appearance="mustermann/barchart/25" image_aligment="centre_x,centre_y" red_replacement="bar_defend" blue_replacement="bar_defend_border" colour="" hidden="false"/>
		<record min_value="1.89" max_value="1.95" appearance="mustermann/barchart/30" image_aligment="centre_x,centre_y" red_replacement="bar_defend" blue_replacement="bar_defend_border" colour="" hidden="false"/>
		<record min_value="1.95" max_value="2.01" appearance="mustermann/barchart/35" image_aligment="centre_x,centre_y" red_replacement="bar_defend" blue_replacement="bar_defend_border" colour="" hidden="false"/>
		<record min_value="2.01" max_value="2.06" appearance="mustermann/barchart/40" image_aligment="centre_x,centre_y" red_replacement="bar_defend" blue_replacement="bar_defend_border" colour="" hidden="false"/>
		<record min_value="2.06" max_value="2.12" appearance="mustermann/barchart/45" image_aligment="centre_x,centre_y" red_replacement="bar_defend" blue_replacement="bar_defend_border" colour="" hidden="false"/>
		<record min_value="2.12" max_value="2.18" appearance="mustermann/barchart/50" image_aligment="centre_x,centre_y" red_replacement="bar_defend" blue_replacement="bar_defend_border" colour="" hidden="false"/>
		<record min_value="2.18" max_value="2.23" appearance="mustermann/barchart/55" image_aligment="centre_x,centre_y" red_replacement="bar_defend" blue_replacement="bar_defend_border" colour="" hidden="false"/>
		<record min_value="2.23" max_value="2.29" appearance="mustermann/barchart/60" image_aligment="centre_x,centre_y" red_replacement="bar_defend" blue_replacement="bar_defend_border" colour="" hidden="false"/>
		<record min_value="2.29" max_value="2.36" appearance="mustermann/barchart/65" image_aligment="centre_x,centre_y" red_replacement="bar_defend" blue_replacement="bar_defend_border" colour="" hidden="false"/>
		<record min_value="2.36" max_value="2.43" appearance="mustermann/barchart/70" image_aligment="centre_x,centre_y" red_replacement="bar_defend" blue_replacement="bar_defend_border" colour="" hidden="false"/>
		<record min_value="2.43" max_value="2.51" appearance="mustermann/barchart/75" image_aligment="centre_x,centre_y" red_replacement="bar_defend" blue_replacement="bar_defend_border" colour="" hidden="false"/>
		<record min_value="2.51" max_value="2.62" appearance="mustermann/barchart/80" image_aligment="centre_x,centre_y" red_replacement="bar_defend" blue_replacement="bar_defend_border" colour="" hidden="false"/>
		<record min_value="2.62" max_value="2.74" appearance="mustermann/barchart/85" image_aligment="centre_x,centre_y" red_replacement="bar_defend" blue_replacement="bar_defend_border" colour="" hidden="false"/>
		<record min_value="2.74" max_value="2.93" appearance="mustermann/barchart/90" image_aligment="centre_x,centre_y" red_replacement="bar_defend" blue_replacement="bar_defend_border" colour="" hidden="false"/>
		<record min_value="2.93" max_value="3.33" appearance="mustermann/barchart/95" image_aligment="centre_x,centre_y" red_replacement="bar_defend" blue_replacement="bar_defend_border" colour="" hidden="false"/>
		<record min_value="3.33" max_value="1000" appearance="mustermann/barchart/99" image_aligment="centre_x,centre_y" red_replacement="bar_defend" blue_replacement="bar_defend_border" colour="" hidden="false"/>
	</list>
</class>