<class class="bar_centre_back_tck" parent="match_rating_label" font="transparent" size="0" should_recolour="false" fixed_appearance_alignment="bottom" image_aligment="centre_x,centre_y">
	<list id="value_list">
		<record min_value="-1" max_value="0.83" appearance="mustermann/barchart/0" image_aligment="centre_x,centre_y" red_replacement="bar_defend" blue_replacement="bar_defend_border" colour="" hidden="false"/>
		<record min_value="0.83" max_value="0.91" appearance="mustermann/barchart/5" image_aligment="centre_x,centre_y" red_replacement="bar_defend" blue_replacement="bar_defend_border" colour="" hidden="false"/>
		<record min_value="0.91" max_value="0.97" appearance="mustermann/barchart/10" image_aligment="centre_x,centre_y" red_replacement="bar_defend" blue_replacement="bar_defend_border" colour="" hidden="false"/>
		<record min_value="0.97" max_value="1.03" appearance="mustermann/barchart/15" image_aligment="centre_x,centre_y" red_replacement="bar_defend" blue_replacement="bar_defend_border" colour="" hidden="false"/>
		<record min_value="1.03" max_value="1.07" appearance="mustermann/barchart/20" image_aligment="centre_x,centre_y" red_replacement="bar_defend" blue_replacement="bar_defend_border" colour="" hidden="false"/>
		<record min_value="1.07" max_value="1.11" appearance="mustermann/barchart/25" image_aligment="centre_x,centre_y" red_replacement="bar_defend" blue_replacement="bar_defend_border" colour="" hidden="false"/>
		<record min_value="1.11" max_value="1.15" appearance="mustermann/barchart/30" image_aligment="centre_x,centre_y" red_replacement="bar_defend" blue_replacement="bar_defend_border" colour="" hidden="false"/>
		<record min_value="1.15" max_value="1.19" appearance="mustermann/barchart/35" image_aligment="centre_x,centre_y" red_replacement="bar_defend" blue_replacement="bar_defend_border" colour="" hidden="false"/>
		<record min_value="1.19" max_value="1.22" appearance="mustermann/barchart/40" image_aligment="centre_x,centre_y" red_replacement="bar_defend" blue_replacement="bar_defend_border" colour="" hidden="false"/>
		<record min_value="1.22" max_value="1.26" appearance="mustermann/barchart/45" image_aligment="centre_x,centre_y" red_replacement="bar_defend" blue_replacement="bar_defend_border" colour="" hidden="false"/>
		<record min_value="1.26" max_value="1.30" appearance="mustermann/barchart/50" image_aligment="centre_x,centre_y" red_replacement="bar_defend" blue_replacement="bar_defend_border" colour="" hidden="false"/>
		<record min_value="1.30" max_value="1.34" appearance="mustermann/barchart/55" image_aligment="centre_x,centre_y" red_replacement="bar_defend" blue_replacement="bar_defend_border" colour="" hidden="false"/>
		<record min_value="1.34" max_value="1.38" appearance="mustermann/barchart/60" image_aligment="centre_x,centre_y" red_replacement="bar_defend" blue_replacement="bar_defend_border" colour="" hidden="false"/>
		<record min_value="1.38" max_value="1.44" appearance="mustermann/barchart/65" image_aligment="centre_x,centre_y" red_replacement="bar_defend" blue_replacement="bar_defend_border" colour="" hidden="false"/>
		<record min_value="1.44" max_value="1.50" appearance="mustermann/barchart/70" image_aligment="centre_x,centre_y" red_replacement="bar_defend" blue_replacement="bar_defend_border" colour="" hidden="false"/>
		<record min_value="1.50" max_value="1.58" appearance="mustermann/barchart/75" image_aligment="centre_x,centre_y" red_replacement="bar_defend" blue_replacement="bar_defend_border" colour="" hidden="false"/>
		<record min_value="1.58" max_value="1.68" appearance="mustermann/barchart/80" image_aligment="centre_x,centre_y" red_replacement="bar_defend" blue_replacement="bar_defend_border" colour="" hidden="false"/>
		<record min_value="1.68" max_value="1.84" appearance="mustermann/barchart/85" image_aligment="centre_x,centre_y" red_replacement="bar_defend" blue_replacement="bar_defend_border" colour="" hidden="false"/>
		<record min_value="1.84" max_value="2.18" appearance="mustermann/barchart/90" image_aligment="centre_x,centre_y" red_replacement="bar_defend" blue_replacement="bar_defend_border" colour="" hidden="false"/>
		<record min_value="2.18" max_value="2.90" appearance="mustermann/barchart/95" image_aligment="centre_x,centre_y" red_replacement="bar_defend" blue_replacement="bar_defend_border" colour="" hidden="false"/>
		<record min_value="2.90" max_value="1000" appearance="mustermann/barchart/99" image_aligment="centre_x,centre_y" red_replacement="bar_defend" blue_replacement="bar_defend_border" colour="" hidden="false"/>
	</list>
</class>