<class class="bar_all_shot" parent="match_rating_label" font="transparent" size="0" should_recolour="false" fixed_appearance_alignment="bottom" image_aligment="centre_x,centre_y">
	<list id="value_list">
		<record min_value="-1" max_value="0.22" appearance="mustermann/barchart/0" image_aligment="centre_x,centre_y" red_replacement="bar_attack" blue_replacement="bar_attack_border" colour="" hidden="false"/>
		<record min_value="0.22" max_value="0.30" appearance="mustermann/barchart/5" image_aligment="centre_x,centre_y" red_replacement="bar_attack" blue_replacement="bar_attack_border" colour="" hidden="false"/>
		<record min_value="0.30" max_value="0.37" appearance="mustermann/barchart/10" image_aligment="centre_x,centre_y" red_replacement="bar_attack" blue_replacement="bar_attack_border" colour="" hidden="false"/>
		<record min_value="0.37" max_value="0.43" appearance="mustermann/barchart/15" image_aligment="centre_x,centre_y" red_replacement="bar_attack" blue_replacement="bar_attack_border" colour="" hidden="false"/>
		<record min_value="0.43" max_value="0.49" appearance="mustermann/barchart/20" image_aligment="centre_x,centre_y" red_replacement="bar_attack" blue_replacement="bar_attack_border" colour="" hidden="false"/>
		<record min_value="0.49" max_value="0.56" appearance="mustermann/barchart/25" image_aligment="centre_x,centre_y" red_replacement="bar_attack" blue_replacement="bar_attack_border" colour="" hidden="false"/>
		<record min_value="0.56" max_value="0.63" appearance="mustermann/barchart/30" image_aligment="centre_x,centre_y" red_replacement="bar_attack" blue_replacement="bar_attack_border" colour="" hidden="false"/>
		<record min_value="0.63" max_value="0.71" appearance="mustermann/barchart/35" image_aligment="centre_x,centre_y" red_replacement="bar_attack" blue_replacement="bar_attack_border" colour="" hidden="false"/>
		<record min_value="0.71" max_value="0.80" appearance="mustermann/barchart/40" image_aligment="centre_x,centre_y" red_replacement="bar_attack" blue_replacement="bar_attack_border" colour="" hidden="false"/>
		<record min_value="0.80" max_value="0.91" appearance="mustermann/barchart/45" image_aligment="centre_x,centre_y" red_replacement="bar_attack" blue_replacement="bar_attack_border" colour="" hidden="false"/>
		<record min_value="0.91" max_value="1.02" appearance="mustermann/barchart/50" image_aligment="centre_x,centre_y" red_replacement="bar_attack" blue_replacement="bar_attack_border" colour="" hidden="false"/>
		<record min_value="1.02" max_value="1.14" appearance="mustermann/barchart/55" image_aligment="centre_x,centre_y" red_replacement="bar_attack" blue_replacement="bar_attack_border" colour="" hidden="false"/>
		<record min_value="1.14" max_value="1.27" appearance="mustermann/barchart/60" image_aligment="centre_x,centre_y" red_replacement="bar_attack" blue_replacement="bar_attack_border" colour="" hidden="false"/>
		<record min_value="1.27" max_value="1.40" appearance="mustermann/barchart/65" image_aligment="centre_x,centre_y" red_replacement="bar_attack" blue_replacement="bar_attack_border" colour="" hidden="false"/>
		<record min_value="1.40" max_value="1.53" appearance="mustermann/barchart/70" image_aligment="centre_x,centre_y" red_replacement="bar_attack" blue_replacement="bar_attack_border" colour="" hidden="false"/>
		<record min_value="1.53" max_value="1.69" appearance="mustermann/barchart/75" image_aligment="centre_x,centre_y" red_replacement="bar_attack" blue_replacement="bar_attack_border" colour="" hidden="false"/>
		<record min_value="1.69" max_value="1.89" appearance="mustermann/barchart/80" image_aligment="centre_x,centre_y" red_replacement="bar_attack" blue_replacement="bar_attack_border" colour="" hidden="false"/>
		<record min_value="1.89" max_value="2.14" appearance="mustermann/barchart/85" image_aligment="centre_x,centre_y" red_replacement="bar_attack" blue_replacement="bar_attack_border" colour="" hidden="false"/>
		<record min_value="2.14" max_value="2.53" appearance="mustermann/barchart/90" image_aligment="centre_x,centre_y" red_replacement="bar_attack" blue_replacement="bar_attack_border" colour="" hidden="false"/>
		<record min_value="2.53" max_value="3.46" appearance="mustermann/barchart/95" image_aligment="centre_x,centre_y" red_replacement="bar_attack" blue_replacement="bar_attack_border" colour="" hidden="false"/>
		<record min_value="3.46" max_value="1000" appearance="mustermann/barchart/99" image_aligment="centre_x,centre_y" red_replacement="bar_attack" blue_replacement="bar_attack_border" colour="" hidden="false"/>
	</list>
</class>