<class class="bar_striker_hrs" parent="match_rating_label" font="transparent" size="0" should_recolour="false" fixed_appearance_alignment="bottom" image_aligment="centre_x,centre_y">
	<list id="value_list">
		<record min_value="-1" max_value="0.84" appearance="mustermann/barchart/0" image_aligment="centre_x,centre_y" red_replacement="bar_defend" blue_replacement="bar_defend_border" colour="" hidden="false"/>
		<record min_value="0.84" max_value="1.17" appearance="mustermann/barchart/5" image_aligment="centre_x,centre_y" red_replacement="bar_defend" blue_replacement="bar_defend_border" colour="" hidden="false"/>
		<record min_value="1.17" max_value="1.39" appearance="mustermann/barchart/10" image_aligment="centre_x,centre_y" red_replacement="bar_defend" blue_replacement="bar_defend_border" colour="" hidden="false"/>
		<record min_value="1.39" max_value="1.60" appearance="mustermann/barchart/15" image_aligment="centre_x,centre_y" red_replacement="bar_defend" blue_replacement="bar_defend_border" colour="" hidden="false"/>
		<record min_value="1.60" max_value="1.80" appearance="mustermann/barchart/20" image_aligment="centre_x,centre_y" red_replacement="bar_defend" blue_replacement="bar_defend_border" colour="" hidden="false"/>
		<record min_value="1.80" max_value="2.02" appearance="mustermann/barchart/25" image_aligment="centre_x,centre_y" red_replacement="bar_defend" blue_replacement="bar_defend_border" colour="" hidden="false"/>
		<record min_value="2.02" max_value="2.19" appearance="mustermann/barchart/30" image_aligment="centre_x,centre_y" red_replacement="bar_defend" blue_replacement="bar_defend_border" colour="" hidden="false"/>
		<record min_value="2.19" max_value="2.38" appearance="mustermann/barchart/35" image_aligment="centre_x,centre_y" red_replacement="bar_defend" blue_replacement="bar_defend_border" colour="" hidden="false"/>
		<record min_value="2.38" max_value="2.57" appearance="mustermann/barchart/40" image_aligment="centre_x,centre_y" red_replacement="bar_defend" blue_replacement="bar_defend_border" colour="" hidden="false"/>
		<record min_value="2.57" max_value="2.77" appearance="mustermann/barchart/45" image_aligment="centre_x,centre_y" red_replacement="bar_defend" blue_replacement="bar_defend_border" colour="" hidden="false"/>
		<record min_value="2.77" max_value="3.00" appearance="mustermann/barchart/50" image_aligment="centre_x,centre_y" red_replacement="bar_defend" blue_replacement="bar_defend_border" colour="" hidden="false"/>
		<record min_value="3.00" max_value="3.19" appearance="mustermann/barchart/55" image_aligment="centre_x,centre_y" red_replacement="bar_defend" blue_replacement="bar_defend_border" colour="" hidden="false"/>
		<record min_value="3.19" max_value="3.41" appearance="mustermann/barchart/60" image_aligment="centre_x,centre_y" red_replacement="bar_defend" blue_replacement="bar_defend_border" colour="" hidden="false"/>
		<record min_value="3.41" max_value="3.62" appearance="mustermann/barchart/65" image_aligment="centre_x,centre_y" red_replacement="bar_defend" blue_replacement="bar_defend_border" colour="" hidden="false"/>
		<record min_value="3.62" max_value="3.90" appearance="mustermann/barchart/70" image_aligment="centre_x,centre_y" red_replacement="bar_defend" blue_replacement="bar_defend_border" colour="" hidden="false"/>
		<record min_value="3.90" max_value="4.24" appearance="mustermann/barchart/75" image_aligment="centre_x,centre_y" red_replacement="bar_defend" blue_replacement="bar_defend_border" colour="" hidden="false"/>
		<record min_value="4.24" max_value="4.61" appearance="mustermann/barchart/80" image_aligment="centre_x,centre_y" red_replacement="bar_defend" blue_replacement="bar_defend_border" colour="" hidden="false"/>
		<record min_value="4.61" max_value="5.07" appearance="mustermann/barchart/85" image_aligment="centre_x,centre_y" red_replacement="bar_defend" blue_replacement="bar_defend_border" colour="" hidden="false"/>
		<record min_value="5.07" max_value="5.79" appearance="mustermann/barchart/90" image_aligment="centre_x,centre_y" red_replacement="bar_defend" blue_replacement="bar_defend_border" colour="" hidden="false"/>
		<record min_value="5.79" max_value="7.02" appearance="mustermann/barchart/95" image_aligment="centre_x,centre_y" red_replacement="bar_defend" blue_replacement="bar_defend_border" colour="" hidden="false"/>
		<record min_value="7.02" max_value="1000" appearance="mustermann/barchart/99" image_aligment="centre_x,centre_y" red_replacement="bar_defend" blue_replacement="bar_defend_border" colour="" hidden="false"/>
	</list>
</class>