<class class="bar_striker_shot" parent="match_rating_label" font="transparent" size="0" should_recolour="false" fixed_appearance_alignment="bottom" image_aligment="centre_x,centre_y">
	<list id="value_list">
		<record min_value="-1" max_value="1.16" appearance="mustermann/barchart/0" image_aligment="centre_x,centre_y" red_replacement="bar_attack" blue_replacement="bar_attack_border" colour="" hidden="false"/>
		<record min_value="1.16" max_value="1.36" appearance="mustermann/barchart/5" image_aligment="centre_x,centre_y" red_replacement="bar_attack" blue_replacement="bar_attack_border" colour="" hidden="false"/>
		<record min_value="1.36" max_value="1.49" appearance="mustermann/barchart/10" image_aligment="centre_x,centre_y" red_replacement="bar_attack" blue_replacement="bar_attack_border" colour="" hidden="false"/>
		<record min_value="1.49" max_value="1.60" appearance="mustermann/barchart/15" image_aligment="centre_x,centre_y" red_replacement="bar_attack" blue_replacement="bar_attack_border" colour="" hidden="false"/>
		<record min_value="1.60" max_value="1.71" appearance="mustermann/barchart/20" image_aligment="centre_x,centre_y" red_replacement="bar_attack" blue_replacement="bar_attack_border" colour="" hidden="false"/>
		<record min_value="1.71" max_value="1.81" appearance="mustermann/barchart/25" image_aligment="centre_x,centre_y" red_replacement="bar_attack" blue_replacement="bar_attack_border" colour="" hidden="false"/>
		<record min_value="1.81" max_value="1.90" appearance="mustermann/barchart/30" image_aligment="centre_x,centre_y" red_replacement="bar_attack" blue_replacement="bar_attack_border" colour="" hidden="false"/>
		<record min_value="1.90" max_value="2.00" appearance="mustermann/barchart/35" image_aligment="centre_x,centre_y" red_replacement="bar_attack" blue_replacement="bar_attack_border" colour="" hidden="false"/>
		<record min_value="2.00" max_value="2.08" appearance="mustermann/barchart/40" image_aligment="centre_x,centre_y" red_replacement="bar_attack" blue_replacement="bar_attack_border" colour="" hidden="false"/>
		<record min_value="2.08" max_value="2.16" appearance="mustermann/barchart/45" image_aligment="centre_x,centre_y" red_replacement="bar_attack" blue_replacement="bar_attack_border" colour="" hidden="false"/>
		<record min_value="2.16" max_value="2.24" appearance="mustermann/barchart/50" image_aligment="centre_x,centre_y" red_replacement="bar_attack" blue_replacement="bar_attack_border" colour="" hidden="false"/>
		<record min_value="2.24" max_value="2.33" appearance="mustermann/barchart/55" image_aligment="centre_x,centre_y" red_replacement="bar_attack" blue_replacement="bar_attack_border" colour="" hidden="false"/>
		<record min_value="2.33" max_value="2.42" appearance="mustermann/barchart/60" image_aligment="centre_x,centre_y" red_replacement="bar_attack" blue_replacement="bar_attack_border" colour="" hidden="false"/>
		<record min_value="2.42" max_value="2.53" appearance="mustermann/barchart/65" image_aligment="centre_x,centre_y" red_replacement="bar_attack" blue_replacement="bar_attack_border" colour="" hidden="false"/>
		<record min_value="2.53" max_value="2.64" appearance="mustermann/barchart/70" image_aligment="centre_x,centre_y" red_replacement="bar_attack" blue_replacement="bar_attack_border" colour="" hidden="false"/>
		<record min_value="2.64" max_value="2.77" appearance="mustermann/barchart/75" image_aligment="centre_x,centre_y" red_replacement="bar_attack" blue_replacement="bar_attack_border" colour="" hidden="false"/>
		<record min_value="2.77" max_value="2.97" appearance="mustermann/barchart/80" image_aligment="centre_x,centre_y" red_replacement="bar_attack" blue_replacement="bar_attack_border" colour="" hidden="false"/>
		<record min_value="2.97" max_value="3.21" appearance="mustermann/barchart/85" image_aligment="centre_x,centre_y" red_replacement="bar_attack" blue_replacement="bar_attack_border" colour="" hidden="false"/>
		<record min_value="3.21" max_value="3.61" appearance="mustermann/barchart/90" image_aligment="centre_x,centre_y" red_replacement="bar_attack" blue_replacement="bar_attack_border" colour="" hidden="false"/>
		<record min_value="3.61" max_value="4.48" appearance="mustermann/barchart/95" image_aligment="centre_x,centre_y" red_replacement="bar_attack" blue_replacement="bar_attack_border" colour="" hidden="false"/>
		<record min_value="4.48" max_value="1000" appearance="mustermann/barchart/99" image_aligment="centre_x,centre_y" red_replacement="bar_attack" blue_replacement="bar_attack_border" colour="" hidden="false"/>
	</list>
</class>