<class class="bar_full_back_xa" parent="match_rating_label" font="transparent" size="0" should_recolour="false" fixed_appearance_alignment="bottom" image_aligment="centre_x,centre_y">
	<list id="value_list">
		<record min_value="-1" max_value="0.03" appearance="mustermann/barchart/0" image_aligment="centre_x,centre_y" red_replacement="bar_attack" blue_replacement="bar_attack_border" colour="" hidden="false"/>
		<record min_value="0.03" max_value="0.05" appearance="mustermann/barchart/5" image_aligment="centre_x,centre_y" red_replacement="bar_attack" blue_replacement="bar_attack_border" colour="" hidden="false"/>
		<record min_value="0.05" max_value="0.06" appearance="mustermann/barchart/10" image_aligment="centre_x,centre_y" red_replacement="bar_attack" blue_replacement="bar_attack_border" colour="" hidden="false"/>
		<record min_value="0.06" max_value="0.07" appearance="mustermann/barchart/15" image_aligment="centre_x,centre_y" red_replacement="bar_attack" blue_replacement="bar_attack_border" colour="" hidden="false"/>
		<record min_value="0.07" max_value="0.08" appearance="mustermann/barchart/20" image_aligment="centre_x,centre_y" red_replacement="bar_attack" blue_replacement="bar_attack_border" colour="" hidden="false"/>
		<record min_value="0.08" max_value="0.08" appearance="mustermann/barchart/25" image_aligment="centre_x,centre_y" red_replacement="bar_attack" blue_replacement="bar_attack_border" colour="" hidden="false"/>
		<record min_value="0.08" max_value="0.09" appearance="mustermann/barchart/30" image_aligment="centre_x,centre_y" red_replacement="bar_attack" blue_replacement="bar_attack_border" colour="" hidden="false"/>
		<record min_value="0.09" max_value="0.10" appearance="mustermann/barchart/35" image_aligment="centre_x,centre_y" red_replacement="bar_attack" blue_replacement="bar_attack_border" colour="" hidden="false"/>
		<record min_value="0.10" max_value="0.11" appearance="mustermann/barchart/40" image_aligment="centre_x,centre_y" red_replacement="bar_attack" blue_replacement="bar_attack_border" colour="" hidden="false"/>
		<record min_value="0.11" max_value="0.11" appearance="mustermann/barchart/45" image_aligment="centre_x,centre_y" red_replacement="bar_attack" blue_replacement="bar_attack_border" colour="" hidden="false"/>
		<record min_value="0.11" max_value="0.12" appearance="mustermann/barchart/50" image_aligment="centre_x,centre_y" red_replacement="bar_attack" blue_replacement="bar_attack_border" colour="" hidden="false"/>
		<record min_value="0.12" max_value="0.13" appearance="mustermann/barchart/55" image_aligment="centre_x,centre_y" red_replacement="bar_attack" blue_replacement="bar_attack_border" colour="" hidden="false"/>
		<record min_value="0.13" max_value="0.13" appearance="mustermann/barchart/60" image_aligment="centre_x,centre_y" red_replacement="bar_attack" blue_replacement="bar_attack_border" colour="" hidden="false"/>
		<record min_value="0.13" max_value="0.14" appearance="mustermann/barchart/65" image_aligment="centre_x,centre_y" red_replacement="bar_attack" blue_replacement="bar_attack_border" colour="" hidden="false"/>
		<record min_value="0.14" max_value="0.15" appearance="mustermann/barchart/70" image_aligment="centre_x,centre_y" red_replacement="bar_attack" blue_replacement="bar_attack_border" colour="" hidden="false"/>
		<record min_value="0.15" max_value="0.17" appearance="mustermann/barchart/75" image_aligment="centre_x,centre_y" red_replacement="bar_attack" blue_replacement="bar_attack_border" colour="" hidden="false"/>
		<record min_value="0.17" max_value="0.18" appearance="mustermann/barchart/80" image_aligment="centre_x,centre_y" red_replacement="bar_attack" blue_replacement="bar_attack_border" colour="" hidden="false"/>
		<record min_value="0.18" max_value="0.20" appearance="mustermann/barchart/85" image_aligment="centre_x,centre_y" red_replacement="bar_attack" blue_replacement="bar_attack_border" colour="" hidden="false"/>
		<record min_value="0.20" max_value="0.23" appearance="mustermann/barchart/90" image_aligment="centre_x,centre_y" red_replacement="bar_attack" blue_replacement="bar_attack_border" colour="" hidden="false"/>
		<record min_value="0.23" max_value="0.30" appearance="mustermann/barchart/95" image_aligment="centre_x,centre_y" red_replacement="bar_attack" blue_replacement="bar_attack_border" colour="" hidden="false"/>
		<record min_value="0.30" max_value="1000" appearance="mustermann/barchart/99" image_aligment="centre_x,centre_y" red_replacement="bar_attack" blue_replacement="bar_attack_border" colour="" hidden="false"/>
	</list>
</class>