<class class="bar_striker_pressa" parent="match_rating_label" font="transparent" size="0" should_recolour="false" fixed_appearance_alignment="bottom" image_aligment="centre_x,centre_y">
	<list id="value_list">
		<record min_value="-1" max_value="5.68" appearance="mustermann/barchart/0" image_aligment="centre_x,centre_y" red_replacement="bar_defend" blue_replacement="bar_defend_border" colour="" hidden="false"/>
		<record min_value="5.68" max_value="6.19" appearance="mustermann/barchart/5" image_aligment="centre_x,centre_y" red_replacement="bar_defend" blue_replacement="bar_defend_border" colour="" hidden="false"/>
		<record min_value="6.19" max_value="6.55" appearance="mustermann/barchart/10" image_aligment="centre_x,centre_y" red_replacement="bar_defend" blue_replacement="bar_defend_border" colour="" hidden="false"/>
		<record min_value="6.55" max_value="6.86" appearance="mustermann/barchart/15" image_aligment="centre_x,centre_y" red_replacement="bar_defend" blue_replacement="bar_defend_border" colour="" hidden="false"/>
		<record min_value="6.86" max_value="7.07" appearance="mustermann/barchart/20" image_aligment="centre_x,centre_y" red_replacement="bar_defend" blue_replacement="bar_defend_border" colour="" hidden="false"/>
		<record min_value="7.07" max_value="7.26" appearance="mustermann/barchart/25" image_aligment="centre_x,centre_y" red_replacement="bar_defend" blue_replacement="bar_defend_border" colour="" hidden="false"/>
		<record min_value="7.26" max_value="7.45" appearance="mustermann/barchart/30" image_aligment="centre_x,centre_y" red_replacement="bar_defend" blue_replacement="bar_defend_border" colour="" hidden="false"/>
		<record min_value="7.45" max_value="7.60" appearance="mustermann/barchart/35" image_aligment="centre_x,centre_y" red_replacement="bar_defend" blue_replacement="bar_defend_border" colour="" hidden="false"/>
		<record min_value="7.60" max_value="7.79" appearance="mustermann/barchart/40" image_aligment="centre_x,centre_y" red_replacement="bar_defend" blue_replacement="bar_defend_border" colour="" hidden="false"/>
		<record min_value="7.79" max_value="7.94" appearance="mustermann/barchart/45" image_aligment="centre_x,centre_y" red_replacement="bar_defend" blue_replacement="bar_defend_border" colour="" hidden="false"/>
		<record min_value="7.94" max_value="8.09" appearance="mustermann/barchart/50" image_aligment="centre_x,centre_y" red_replacement="bar_defend" blue_replacement="bar_defend_border" colour="" hidden="false"/>
		<record min_value="8.09" max_value="8.26" appearance="mustermann/barchart/55" image_aligment="centre_x,centre_y" red_replacement="bar_defend" blue_replacement="bar_defend_border" colour="" hidden="false"/>
		<record min_value="8.26" max_value="8.45" appearance="mustermann/barchart/60" image_aligment="centre_x,centre_y" red_replacement="bar_defend" blue_replacement="bar_defend_border" colour="" hidden="false"/>
		<record min_value="8.45" max_value="8.66" appearance="mustermann/barchart/65" image_aligment="centre_x,centre_y" red_replacement="bar_defend" blue_replacement="bar_defend_border" colour="" hidden="false"/>
		<record min_value="8.66" max_value="8.92" appearance="mustermann/barchart/70" image_aligment="centre_x,centre_y" red_replacement="bar_defend" blue_replacement="bar_defend_border" colour="" hidden="false"/>
		<record min_value="8.92" max_value="9.25" appearance="mustermann/barchart/75" image_aligment="centre_x,centre_y" red_replacement="bar_defend" blue_replacement="bar_defend_border" colour="" hidden="false"/>
		<record min_value="9.25" max_value="9.66" appearance="mustermann/barchart/80" image_aligment="centre_x,centre_y" red_replacement="bar_defend" blue_replacement="bar_defend_border" colour="" hidden="false"/>
		<record min_value="9.66" max_value="10.27" appearance="mustermann/barchart/85" image_aligment="centre_x,centre_y" red_replacement="bar_defend" blue_replacement="bar_defend_border" colour="" hidden="false"/>
		<record min_value="10.27" max_value="11.33" appearance="mustermann/barchart/90" image_aligment="centre_x,centre_y" red_replacement="bar_defend" blue_replacement="bar_defend_border" colour="" hidden="false"/>
		<record min_value="11.33" max_value="13.78" appearance="mustermann/barchart/95" image_aligment="centre_x,centre_y" red_replacement="bar_defend" blue_replacement="bar_defend_border" colour="" hidden="false"/>
		<record min_value="13.78" max_value="1000" appearance="mustermann/barchart/99" image_aligment="centre_x,centre_y" red_replacement="bar_defend" blue_replacement="bar_defend_border" colour="" hidden="false"/>
	</list>
</class>