<class class="bar_full_back_drb" parent="match_rating_label" font="transparent" size="0" should_recolour="false" fixed_appearance_alignment="bottom" image_aligment="centre_x,centre_y">
	<list id="value_list">
		<record min_value="-1" max_value="0.33" appearance="mustermann/barchart/0" image_aligment="centre_x,centre_y" red_replacement="bar_possess" blue_replacement="bar_possess_border" colour="" hidden="false"/>
		<record min_value="0.33" max_value="0.56" appearance="mustermann/barchart/5" image_aligment="centre_x,centre_y" red_replacement="bar_possess" blue_replacement="bar_possess_border" colour="" hidden="false"/>
		<record min_value="0.56" max_value="0.73" appearance="mustermann/barchart/10" image_aligment="centre_x,centre_y" red_replacement="bar_possess" blue_replacement="bar_possess_border" colour="" hidden="false"/>
		<record min_value="0.73" max_value="0.85" appearance="mustermann/barchart/15" image_aligment="centre_x,centre_y" red_replacement="bar_possess" blue_replacement="bar_possess_border" colour="" hidden="false"/>
		<record min_value="0.85" max_value="0.96" appearance="mustermann/barchart/20" image_aligment="centre_x,centre_y" red_replacement="bar_possess" blue_replacement="bar_possess_border" colour="" hidden="false"/>
		<record min_value="0.96" max_value="1.07" appearance="mustermann/barchart/25" image_aligment="centre_x,centre_y" red_replacement="bar_possess" blue_replacement="bar_possess_border" colour="" hidden="false"/>
		<record min_value="1.07" max_value="1.16" appearance="mustermann/barchart/30" image_aligment="centre_x,centre_y" red_replacement="bar_possess" blue_replacement="bar_possess_border" colour="" hidden="false"/>
		<record min_value="1.16" max_value="1.24" appearance="mustermann/barchart/35" image_aligment="centre_x,centre_y" red_replacement="bar_possess" blue_replacement="bar_possess_border" colour="" hidden="false"/>
		<record min_value="1.24" max_value="1.32" appearance="mustermann/barchart/40" image_aligment="centre_x,centre_y" red_replacement="bar_possess" blue_replacement="bar_possess_border" colour="" hidden="false"/>
		<record min_value="1.32" max_value="1.42" appearance="mustermann/barchart/45" image_aligment="centre_x,centre_y" red_replacement="bar_possess" blue_replacement="bar_possess_border" colour="" hidden="false"/>
		<record min_value="1.42" max_value="1.51" appearance="mustermann/barchart/50" image_aligment="centre_x,centre_y" red_replacement="bar_possess" blue_replacement="bar_possess_border" colour="" hidden="false"/>
		<record min_value="1.51" max_value="1.59" appearance="mustermann/barchart/55" image_aligment="centre_x,centre_y" red_replacement="bar_possess" blue_replacement="bar_possess_border" colour="" hidden="false"/>
		<record min_value="1.59" max_value="1.69" appearance="mustermann/barchart/60" image_aligment="centre_x,centre_y" red_replacement="bar_possess" blue_replacement="bar_possess_border" colour="" hidden="false"/>
		<record min_value="1.69" max_value="1.81" appearance="mustermann/barchart/65" image_aligment="centre_x,centre_y" red_replacement="bar_possess" blue_replacement="bar_possess_border" colour="" hidden="false"/>
		<record min_value="1.81" max_value="1.91" appearance="mustermann/barchart/70" image_aligment="centre_x,centre_y" red_replacement="bar_possess" blue_replacement="bar_possess_border" colour="" hidden="false"/>
		<record min_value="1.91" max_value="2.05" appearance="mustermann/barchart/75" image_aligment="centre_x,centre_y" red_replacement="bar_possess" blue_replacement="bar_possess_border" colour="" hidden="false"/>
		<record min_value="2.05" max_value="2.23" appearance="mustermann/barchart/80" image_aligment="centre_x,centre_y" red_replacement="bar_possess" blue_replacement="bar_possess_border" colour="" hidden="false"/>
		<record min_value="2.23" max_value="2.45" appearance="mustermann/barchart/85" image_aligment="centre_x,centre_y" red_replacement="bar_possess" blue_replacement="bar_possess_border" colour="" hidden="false"/>
		<record min_value="2.45" max_value="2.89" appearance="mustermann/barchart/90" image_aligment="centre_x,centre_y" red_replacement="bar_possess" blue_replacement="bar_possess_border" colour="" hidden="false"/>
		<record min_value="2.89" max_value="3.97" appearance="mustermann/barchart/95" image_aligment="centre_x,centre_y" red_replacement="bar_possess" blue_replacement="bar_possess_border" colour="" hidden="false"/>
		<record min_value="3.97" max_value="1000" appearance="mustermann/barchart/99" image_aligment="centre_x,centre_y" red_replacement="bar_possess" blue_replacement="bar_possess_border" colour="" hidden="false"/>
	</list>
</class>