<class class="bar_all_pressa" parent="match_rating_label" font="transparent" size="0" should_recolour="false" fixed_appearance_alignment="bottom" image_aligment="centre_x,centre_y">
	<list id="value_list">
		<record min_value="-1" max_value="0.00" appearance="mustermann/barchart/0" image_aligment="centre_x,centre_y" red_replacement="bar_defend" blue_replacement="bar_defend_border" colour="" hidden="false"/>
		<record min_value="0.00" max_value="2.76" appearance="mustermann/barchart/5" image_aligment="centre_x,centre_y" red_replacement="bar_defend" blue_replacement="bar_defend_border" colour="" hidden="false"/>
		<record min_value="2.76" max_value="3.27" appearance="mustermann/barchart/10" image_aligment="centre_x,centre_y" red_replacement="bar_defend" blue_replacement="bar_defend_border" colour="" hidden="false"/>
		<record min_value="3.27" max_value="3.79" appearance="mustermann/barchart/15" image_aligment="centre_x,centre_y" red_replacement="bar_defend" blue_replacement="bar_defend_border" colour="" hidden="false"/>
		<record min_value="3.79" max_value="4.91" appearance="mustermann/barchart/20" image_aligment="centre_x,centre_y" red_replacement="bar_defend" blue_replacement="bar_defend_border" colour="" hidden="false"/>
		<record min_value="4.91" max_value="6.79" appearance="mustermann/barchart/25" image_aligment="centre_x,centre_y" red_replacement="bar_defend" blue_replacement="bar_defend_border" colour="" hidden="false"/>
		<record min_value="6.79" max_value="7.64" appearance="mustermann/barchart/30" image_aligment="centre_x,centre_y" red_replacement="bar_defend" blue_replacement="bar_defend_border" colour="" hidden="false"/>
		<record min_value="7.64" max_value="8.22" appearance="mustermann/barchart/35" image_aligment="centre_x,centre_y" red_replacement="bar_defend" blue_replacement="bar_defend_border" colour="" hidden="false"/>
		<record min_value="8.22" max_value="8.71" appearance="mustermann/barchart/40" image_aligment="centre_x,centre_y" red_replacement="bar_defend" blue_replacement="bar_defend_border" colour="" hidden="false"/>
		<record min_value="8.71" max_value="9.17" appearance="mustermann/barchart/45" image_aligment="centre_x,centre_y" red_replacement="bar_defend" blue_replacement="bar_defend_border" colour="" hidden="false"/>
		<record min_value="9.17" max_value="9.62" appearance="mustermann/barchart/50" image_aligment="centre_x,centre_y" red_replacement="bar_defend" blue_replacement="bar_defend_border" colour="" hidden="false"/>
		<record min_value="9.62" max_value="10.07" appearance="mustermann/barchart/55" image_aligment="centre_x,centre_y" red_replacement="bar_defend" blue_replacement="bar_defend_border" colour="" hidden="false"/>
		<record min_value="10.07" max_value="10.48" appearance="mustermann/barchart/60" image_aligment="centre_x,centre_y" red_replacement="bar_defend" blue_replacement="bar_defend_border" colour="" hidden="false"/>
		<record min_value="10.48" max_value="10.92" appearance="mustermann/barchart/65" image_aligment="centre_x,centre_y" red_replacement="bar_defend" blue_replacement="bar_defend_border" colour="" hidden="false"/>
		<record min_value="10.92" max_value="11.40" appearance="mustermann/barchart/70" image_aligment="centre_x,centre_y" red_replacement="bar_defend" blue_replacement="bar_defend_border" colour="" hidden="false"/>
		<record min_value="11.40" max_value="11.92" appearance="mustermann/barchart/75" image_aligment="centre_x,centre_y" red_replacement="bar_defend" blue_replacement="bar_defend_border" colour="" hidden="false"/>
		<record min_value="11.92" max_value="12.51" appearance="mustermann/barchart/80" image_aligment="centre_x,centre_y" red_replacement="bar_defend" blue_replacement="bar_defend_border" colour="" hidden="false"/>
		<record min_value="12.51" max_value="13.21" appearance="mustermann/barchart/85" image_aligment="centre_x,centre_y" red_replacement="bar_defend" blue_replacement="bar_defend_border" colour="" hidden="false"/>
		<record min_value="13.21" max_value="14.07" appearance="mustermann/barchart/90" image_aligment="centre_x,centre_y" red_replacement="bar_defend" blue_replacement="bar_defend_border" colour="" hidden="false"/>
		<record min_value="14.07" max_value="15.57" appearance="mustermann/barchart/95" image_aligment="centre_x,centre_y" red_replacement="bar_defend" blue_replacement="bar_defend_border" colour="" hidden="false"/>
		<record min_value="15.57" max_value="1000" appearance="mustermann/barchart/99" image_aligment="centre_x,centre_y" red_replacement="bar_defend" blue_replacement="bar_defend_border" colour="" hidden="false"/>
	</list>
</class>