<class class="bar_centre_back_shot" parent="match_rating_label" font="transparent" size="0" should_recolour="false" fixed_appearance_alignment="bottom" image_aligment="centre_x,centre_y">
	<list id="value_list">
		<record min_value="-1" max_value="0.17" appearance="mustermann/barchart/0" image_aligment="centre_x,centre_y" red_replacement="bar_attack" blue_replacement="bar_attack_border" colour="" hidden="false"/>
		<record min_value="0.17" max_value="0.22" appearance="mustermann/barchart/5" image_aligment="centre_x,centre_y" red_replacement="bar_attack" blue_replacement="bar_attack_border" colour="" hidden="false"/>
		<record min_value="0.22" max_value="0.26" appearance="mustermann/barchart/10" image_aligment="centre_x,centre_y" red_replacement="bar_attack" blue_replacement="bar_attack_border" colour="" hidden="false"/>
		<record min_value="0.26" max_value="0.29" appearance="mustermann/barchart/15" image_aligment="centre_x,centre_y" red_replacement="bar_attack" blue_replacement="bar_attack_border" colour="" hidden="false"/>
		<record min_value="0.29" max_value="0.32" appearance="mustermann/barchart/20" image_aligment="centre_x,centre_y" red_replacement="bar_attack" blue_replacement="bar_attack_border" colour="" hidden="false"/>
		<record min_value="0.32" max_value="0.35" appearance="mustermann/barchart/25" image_aligment="centre_x,centre_y" red_replacement="bar_attack" blue_replacement="bar_attack_border" colour="" hidden="false"/>
		<record min_value="0.35" max_value="0.38" appearance="mustermann/barchart/30" image_aligment="centre_x,centre_y" red_replacement="bar_attack" blue_replacement="bar_attack_border" colour="" hidden="false"/>
		<record min_value="0.38" max_value="0.40" appearance="mustermann/barchart/35" image_aligment="centre_x,centre_y" red_replacement="bar_attack" blue_replacement="bar_attack_border" colour="" hidden="false"/>
		<record min_value="0.40" max_value="0.43" appearance="mustermann/barchart/40" image_aligment="centre_x,centre_y" red_replacement="bar_attack" blue_replacement="bar_attack_border" colour="" hidden="false"/>
		<record min_value="0.43" max_value="0.46" appearance="mustermann/barchart/45" image_aligment="centre_x,centre_y" red_replacement="bar_attack" blue_replacement="bar_attack_border" colour="" hidden="false"/>
		<record min_value="0.46" max_value="0.49" appearance="mustermann/barchart/50" image_aligment="centre_x,centre_y" red_replacement="bar_attack" blue_replacement="bar_attack_border" colour="" hidden="false"/>
		<record min_value="0.49" max_value="0.52" appearance="mustermann/barchart/55" image_aligment="centre_x,centre_y" red_replacement="bar_attack" blue_replacement="bar_attack_border" colour="" hidden="false"/>
		<record min_value="0.52" max_value="0.55" appearance="mustermann/barchart/60" image_aligment="centre_x,centre_y" red_replacement="bar_attack" blue_replacement="bar_attack_border" colour="" hidden="false"/>
		<record min_value="0.55" max_value="0.59" appearance="mustermann/barchart/65" image_aligment="centre_x,centre_y" red_replacement="bar_attack" blue_replacement="bar_attack_border" colour="" hidden="false"/>
		<record min_value="0.59" max_value="0.63" appearance="mustermann/barchart/70" image_aligment="centre_x,centre_y" red_replacement="bar_attack" blue_replacement="bar_attack_border" colour="" hidden="false"/>
		<record min_value="0.63" max_value="0.67" appearance="mustermann/barchart/75" image_aligment="centre_x,centre_y" red_replacement="bar_attack" blue_replacement="bar_attack_border" colour="" hidden="false"/>
		<record min_value="0.67" max_value="0.72" appearance="mustermann/barchart/80" image_aligment="centre_x,centre_y" red_replacement="bar_attack" blue_replacement="bar_attack_border" colour="" hidden="false"/>
		<record min_value="0.72" max_value="0.81" appearance="mustermann/barchart/85" image_aligment="centre_x,centre_y" red_replacement="bar_attack" blue_replacement="bar_attack_border" colour="" hidden="false"/>
		<record min_value="0.81" max_value="0.93" appearance="mustermann/barchart/90" image_aligment="centre_x,centre_y" red_replacement="bar_attack" blue_replacement="bar_attack_border" colour="" hidden="false"/>
		<record min_value="0.93" max_value="1.22" appearance="mustermann/barchart/95" image_aligment="centre_x,centre_y" red_replacement="bar_attack" blue_replacement="bar_attack_border" colour="" hidden="false"/>
		<record min_value="1.22" max_value="1000" appearance="mustermann/barchart/99" image_aligment="centre_x,centre_y" red_replacement="bar_attack" blue_replacement="bar_attack_border" colour="" hidden="false"/>
	</list>
</class>