<class class="bar_striker_npxg" parent="match_rating_label" font="transparent" size="0" should_recolour="false" fixed_appearance_alignment="bottom" image_aligment="centre_x,centre_y">
	<list id="value_list">
		<record min_value="-1" max_value="0.18" appearance="mustermann/barchart/0" image_aligment="centre_x,centre_y" red_replacement="bar_attack" blue_replacement="bar_attack_border" colour="" hidden="false"/>
		<record min_value="0.18" max_value="0.22" appearance="mustermann/barchart/5" image_aligment="centre_x,centre_y" red_replacement="bar_attack" blue_replacement="bar_attack_border" colour="" hidden="false"/>
		<record min_value="0.22" max_value="0.24" appearance="mustermann/barchart/10" image_aligment="centre_x,centre_y" red_replacement="bar_attack" blue_replacement="bar_attack_border" colour="" hidden="false"/>
		<record min_value="0.24" max_value="0.25" appearance="mustermann/barchart/15" image_aligment="centre_x,centre_y" red_replacement="bar_attack" blue_replacement="bar_attack_border" colour="" hidden="false"/>
		<record min_value="0.25" max_value="0.27" appearance="mustermann/barchart/20" image_aligment="centre_x,centre_y" red_replacement="bar_attack" blue_replacement="bar_attack_border" colour="" hidden="false"/>
		<record min_value="0.27" max_value="0.28" appearance="mustermann/barchart/25" image_aligment="centre_x,centre_y" red_replacement="bar_attack" blue_replacement="bar_attack_border" colour="" hidden="false"/>
		<record min_value="0.28" max_value="0.30" appearance="mustermann/barchart/30" image_aligment="centre_x,centre_y" red_replacement="bar_attack" blue_replacement="bar_attack_border" colour="" hidden="false"/>
		<record min_value="0.30" max_value="0.31" appearance="mustermann/barchart/35" image_aligment="centre_x,centre_y" red_replacement="bar_attack" blue_replacement="bar_attack_border" colour="" hidden="false"/>
		<record min_value="0.31" max_value="0.33" appearance="mustermann/barchart/40" image_aligment="centre_x,centre_y" red_replacement="bar_attack" blue_replacement="bar_attack_border" colour="" hidden="false"/>
		<record min_value="0.33" max_value="0.34" appearance="mustermann/barchart/45" image_aligment="centre_x,centre_y" red_replacement="bar_attack" blue_replacement="bar_attack_border" colour="" hidden="false"/>
		<record min_value="0.34" max_value="0.35" appearance="mustermann/barchart/50" image_aligment="centre_x,centre_y" red_replacement="bar_attack" blue_replacement="bar_attack_border" colour="" hidden="false"/>
		<record min_value="0.35" max_value="0.37" appearance="mustermann/barchart/55" image_aligment="centre_x,centre_y" red_replacement="bar_attack" blue_replacement="bar_attack_border" colour="" hidden="false"/>
		<record min_value="0.37" max_value="0.38" appearance="mustermann/barchart/60" image_aligment="centre_x,centre_y" red_replacement="bar_attack" blue_replacement="bar_attack_border" colour="" hidden="false"/>
		<record min_value="0.38" max_value="0.40" appearance="mustermann/barchart/65" image_aligment="centre_x,centre_y" red_replacement="bar_attack" blue_replacement="bar_attack_border" colour="" hidden="false"/>
		<record min_value="0.40" max_value="0.42" appearance="mustermann/barchart/70" image_aligment="centre_x,centre_y" red_replacement="bar_attack" blue_replacement="bar_attack_border" colour="" hidden="false"/>
		<record min_value="0.42" max_value="0.44" appearance="mustermann/barchart/75" image_aligment="centre_x,centre_y" red_replacement="bar_attack" blue_replacement="bar_attack_border" colour="" hidden="false"/>
		<record min_value="0.44" max_value="0.46" appearance="mustermann/barchart/80" image_aligment="centre_x,centre_y" red_replacement="bar_attack" blue_replacement="bar_attack_border" colour="" hidden="false"/>
		<record min_value="0.46" max_value="0.50" appearance="mustermann/barchart/85" image_aligment="centre_x,centre_y" red_replacement="bar_attack" blue_replacement="bar_attack_border" colour="" hidden="false"/>
		<record min_value="0.50" max_value="0.55" appearance="mustermann/barchart/90" image_aligment="centre_x,centre_y" red_replacement="bar_attack" blue_replacement="bar_attack_border" colour="" hidden="false"/>
		<record min_value="0.55" max_value="0.64" appearance="mustermann/barchart/95" image_aligment="centre_x,centre_y" red_replacement="bar_attack" blue_replacement="bar_attack_border" colour="" hidden="false"/>
		<record min_value="0.64" max_value="1000" appearance="mustermann/barchart/99" image_aligment="centre_x,centre_y" red_replacement="bar_attack" blue_replacement="bar_attack_border" colour="" hidden="false"/>
	</list>
</class>