﻿<panel>
	<attachment_group class="vertical_arrange" vertical_alignment="top,extend" vertical_offset="0" horizontal_alignment="horizontal" horizontal_inset="0" vertical_gap="16" />

	<boolean id="should_force_refresh" value="true"/>
	<boolean id="save_session_state" value="true"/>
	<boolean id="save_immediate_state" value="true"/>
	<boolean id="is_filterable" value="true"/>

	<record id="object_property">
		<integer id="get_property" value="objt" />
		<integer id="set_property" value="objt" />
	</record>
	
	<widget class="scouting_top_panel" id="stop">
		<list id="visible_items">
			<flags value="trwd" />
			<flags value="scfc" />
			<flags value="scpc" />
			<flags value="scbc" />
			<flags value="trbc" />
			<flags value="assc" />
		</list>
	</widget>

	<container navigation_container="true">
		<attachment_group class="horizontal_arrange" horizontal_layout="320,-5" horizontal_offset="0" horizontal_gap="0" vertical_alignment="vertical" vertical_inset="0" />

		<!--LHS container-->
		<container class="main_subtle_box" id="lhsc">
			<attachment_group class="vertical_arrange_horizontal_centre" vertical_alignment="top,extend" vertical_offset="2" vertical_gap="8" horizontal_inset="10" horizontal_gap="0" />

			<widget class="primary_icon_button" id="cfBT" auto_size="horizontal" alignment="centre_y, centre_x" height="30" click_event="scfC" navigation_focus_target="true">
				<record id="primary_icon_properties" file="icons/custom/scouting/target" red_replacement="primary_button" blue_replacement="accent button text" />

				<translation id="text" translation_id="557608" type="use" value="Create Recruitment Focus[COMMENT: AREA: Scouting; SUB-AREA: Recruitment Focus Section; FR-BN: FM-4023; NOTE: Text on the button, which opens the create recruitment focus dialog]" />
			</widget>

			<widget class="horizontal_subtle_divider" red_replacement="fg">
				<layout class="stick_to_sides_attachment" alignment="horizontal" inset="0" />
			</widget>

			<widget class="tab_strip" id="fTBS" appearance="tabs/subsection" height="32" auto_size="horizontal">
				<string id="select_event" value="eACT" />
				<list id="items">
					<record id="a_button">
						<translation id="text" translation_id="557609" type="use" value="Active[COMMENT: AREA: Scouting; SUB-AREA: Recruitment Focus Section; FR-BN: FM-4023; NOTE: Title of tab, showing the active recruitment focuses that the team has]" />
						<string id="font" value="title" />
						<string id="icon" value="icons/16px/active" />
					</record>
					<record id="b_button">
						<translation id="text" translation_id="310338" type="use" value="Completed[COMMENT: board request status; the board request has been completed]" />
						<string id="font" value="title" />
					</record>
				</list>
				<string id="selection" value="0" />
			</widget>

			<widget class="info_icon_hint_text" id="scCW" height="30" width="180" colour="negative" size="large" hidden="true">
				<translation id="text" translation_id="562309" type="use" value="Scouting team at capacity[COMMENT: AREA: Scouting; SUB-AREA: Active Recruitment Focuses; FR-BN: FM-12688; NOTE: Warning string shown, when too many focuses have been created for the scouting staff]" />
				<record id="info_popup_hint">
					<translation id="text" translation_id="562310" type="use" value="There aren't enough staff members to work on these recruitment focuses, so results will take longer to return.[COMMENT: AREA: Scouting; SUB-AREA: Active Recruitment Focuses; FR-BN: FM-12688; NOTE: Hint to the warning string shown, when too many focuses have been created for the scouting staff]" />
				</record>
			</widget>

			<container class="inner_box_no_margin">
				<layout class="stick_to_sides_attachment" alignment="horizontal" inset="0" />
				<layout class="stick_to_sides_attachment" alignment="all" inset="0" apply_to_children="true" />

				<container>
					<layout class="stick_to_sides_attachment" alignment="all" apply_to_children="true" />

					<widget class="text" id="noAF" alignment="centre_x,centre_y" colour="faded text" hidden="true">
						<translation id="text" translation_id="557610" type="use" value="No active Recruitment Focuses to show.[COMMENT: AREA: Scouting; SUB-AREA: Recruitment Focus Section; FR-BN: FM-4023; NOTE: Fallback text shown on the active-focuses-table, when no active focuses have been created]" />
					</widget>

					<widget class="text" id="noCF" alignment="centre_x,centre_y" colour="faded text" hidden="true">
						<translation id="text" translation_id="557611" type="use" value="No completed Recruitment Focuses to show.[COMMENT: AREA: Scouting; SUB-AREA: Recruitment Focus Section; FR-BN: FM-4023; NOTE: Fallback text shown on the active-focuses-table, when no active focuses have been created]" />
					</widget>

					<!--Active Focuses Table-->
					<container class="table" id="cftB" layout="-1" mode="stripe_rows, select_rows">
						<string id="auto_size_rows" value="false" />
						<string id="fixed_size_rows" value="true" />
						<integer id="row_height" value="32" />
						<integer id="row_spacing" value="8" />
						<record id="select_event">
							<string id="event_id" value="eSFR" />
							<integer id="type" value="0" />
						</record>

						<list id="column_table_properties">
							<record id="fcsC">
								<integer id="index" value="0" />
								<string id="sort_disabled" value="true" />
								<integer id="left" value="0" />
								<integer id="top" value="0" />
								<integer id="right" value="0" />
								<integer id="bottom" value="0" />
							</record>
						</list>

						<list id="column_widget_properties">
							<record alignment="centre_y,left" auto_size_minimum_height="35">
								<integer id="index" value="0" />
							</record>
						</list>
					</container>

					<!--Completed Focuses Table-->
					<container class="table" id="cmpB" layout="-1" mode="stripe_rows, select_rows" hidden="true">
						<string id="auto_size_rows" value="false" />
						<string id="fixed_size_rows" value="true" />
						<integer id="row_height" value="32" />
						<integer id="row_spacing" value="8" />
						<record id="select_event">
							<string id="event_id" value="eSFR" />
							<integer id="type" value="1" />
						</record>

						<list id="column_table_properties">
							<record id="fcSC">
								<integer id="index" value="0" />
								<string id="sort_disabled" value="true" />
								<integer id="left" value="0" />
								<integer id="top" value="0" />
								<integer id="right" value="0" />
								<integer id="bottom" value="0" />
							</record>
						</list>

						<list id="column_widget_properties">
							<record alignment="centre_y,left" auto_size_minimum_height="35">
								<integer id="index" value="0" />
							</record>
						</list>
					</container>
				</container>
			</container>

		</container>

		<!--RHS Container-->
		<container>
			<layout class="stick_to_sides_attachment" alignment="all" inset="0" apply_to_children="true" />

			<!--No focus selected text-->
			<widget class="text" id="noFC" colour="faded text" alignment="centre_x,centre_y">
				<translation id="text" translation_id="557612" type="use" value="Select an active or completed focus to view all players that match that criteria.[COMMENT: AREA: Scouting; SUB-AREA: Recruitment Focus Section; FR-BN: FM-4023; NOTE: Fallback text shown, when no focus is selected from the list of active or completed focuses]" />
			</widget>

			<!--Focus info container-->
			<container id="hsFC" hidden="true">
				<attachment_group class="vertical_arrange" vertical_layout="36,1,28,-15" vertical_offset="0" vertical_gap="12" horizontal_inset="12" horizontal_gap="0" />

				<!--Focus title bar-->
				<container>
					<attachment_group class="horizontal_arrange" horizontal_alignment="right, extend" vertical_inset="0" horizontal_offset="0" vertical_gap="12" horizontal_gap="6" />

					<container>
						<attachment_group class="horizontal_arrange" horizontal_layout="32, -1, -1" vertical_inset="0" horizontal_offset="0" vertical_gap="12" horizontal_gap="6" />

						<widget class="picture" id="fcTI" file="icons/custom/icon box/focus" image_alignment="centre" keep_aspect_ratio="true" scale_picture="false" wants_mouse_events="false" blue_replacement="black" />
						<widget class="text" id="fcTT" auto_size="horizontal" height="26" size="xlarge" colour="white" font="title" alignment="left,centre_y" />

						<container id="asst">
							<attachment_group class="horizontal_arrange" horizontal_alignment="left" vertical_offset="0" horizontal_gap="6" horizontal_offset="0" />
							<attachment class="test_screen_size_attachment">
								<list id="properties">
									<record>
										<flags id="alignment" value="horizontal" />
										<integer id="min_value" value="0" />
										<integer id="max_value" value="1460" />
										<symbol id="set_property" value="hidden" />
									</record>
								</list>
							</attachment>

							<widget class="vertical_subtle_divider" red_replacement="fg" />

							<widget class="text" id="assT" auto_size="horizontal" alignment="centre_x, centre_y" colour="faded text">
								<translation id="text" translation_id="557613" type="use" value="Assigned to:[COMMENT: AREA: Scouting; SUB-AREA: Active Recruitment Focuses Panel; FR-BN: FM-4038; NOTE: Subtitle showing which scout and which analyst the focus has been assigned to]" />
							</widget>

							<widget class="person_button" id="scPB" auto_size="horizontal" alignment="left,centre_y" colour="text" info_popup_enabled="true" info_popup_alignment="left, centre_y" person_is_player="false" person_is_human="false" size="medium" />
							<widget class="text" id="scTx" size="medium" colour="text" alignment="left, centre_y" auto_size="horizontal" hidden="true" />

							<widget class="text" id="asAn" auto_size="horizontal" alignment="centre_x, centre_y" colour="faded text">
								<translation id="text" translation_id="282538" type="use" value="and[COMMENT: news_item; where_are_they_now_news; used to link two sentences together in a list e.g. person1 and person2]" />
							</widget>

							<widget class="person_button" id="anPB" auto_size="horizontal" alignment="left,centre_y" colour="text" info_popup_enabled="true" info_popup_alignment="left, centre_y" person_is_player="false" person_is_human="false" size="medium" />
							<widget class="text" id="anTx" size="medium" colour="text" alignment="left, centre_y" auto_size="horizontal" hidden="true" />
						</container>

						<container id="frms" hidden="true">
							<attachment_group class="horizontal_arrange" horizontal_alignment="left, extend" vertical_offset="0" horizontal_gap="5" horizontal_offset="10" />

							<widget class="text" auto_size="horizontal" alignment="centre_x, centre_y" colour="faded text">
								<translation id="text" translation_id="557614" type="use" value="From[COMMENT: AREA: Team Squad; SUB-AREA: Squad Planner; FR-BN FM - 4115; NOTE: Subtitle showing which season plan the list is being copied from]" />
							</widget>

							<widget class="person_button" id="frpr" auto_size="horizontal" alignment="left,centre_y" colour="text" info_popup_enabled="true" info_popup_alignment="left, centre_y" person_is_player="false" size="medium" />

							<widget class="text" text="-" auto_size="horizontal" alignment="centre_x, centre_y" colour="faded text" />

							<widget class="job_label" id="frjb" auto_size="horizontal" alignment="left,centre_y" colour="text" info_popup_enabled="true" info_popup_alignment="left, centre_y" person_is_player="false" size="medium" />
						</container>
					</container>

					<container>
						<attachment_group class="horizontal_arrange_autosize" vertical_offset="0" horizontal_gap="5" horizontal_offset="0" />
						<widget class="link_button" id="tknL" alignment="right,centre_y" auto_size="horizontal" height="26">
							<string id="section" value="tkno" />
							<translation id="text" translation_id="557615" type="use" value="Scouting Coverage[COMMENT: AREA: Scouting; SUB-AREA: Scouting Coverage; FR-BN: FM-4038; NOTE: section title for the new Scouting Coverage area, which merges Scout Assignments and Knowledge]" />
						</widget>
					</container>

				</container>

				<widget class="horizontal_divider" />

				<!--Tab buttons-->
				<container id="tbbt">
				<attachment_group class="horizontal_arrange_vertical_autosize" vertical_offset="0" horizontal_gap="1" />

					<widget class="radio_toggle_switch_left" id="recB" select_event="eREC" auto_size="horizontal" secondary_icon="icons/16px/subscribed" show_button_appearance="true" alignment="centre" appearance="switches/toggle/left/button" icon_enabled="false" secondary_icon_enabled="true" secondary_icon_alignment="left">
						<translation id="text" translation_id="554343" type="use" value="Recommendations[COMMENT: AREA: Scouting; SUB-AREA: Active Recruitment Focuses Panel; FR-BN: FM-4038; NOTE: Tab title of table w/ players recommended as part of recruitment focus]" />
					</widget>

					<widget class="radio_toggle_switch_middle" id="neaB" select_event="eNMA" auto_size="horizontal" text="Near Matches" secondary_icon="icons/16px/not subscribed" show_button_appearance="true" alignment="centre" appearance="switches/toggle/middle/button" icon_enabled="false" secondary_icon_enabled="true" secondary_icon_alignment="left">
						<translation id="text" translation_id="557616" type="use" value="Near Matches[COMMENT: AREA: Scouting; SUB-AREA: Active Recruitment Focuses Panel; FR-BN: FM-4038; NOTE: Tab title of table w/ players that do not match all the criteria of the recruitment focus, but are close]" />
					</widget>

					<widget class="radio_toggle_switch_right" id="ongB" select_event="eONG" auto_size="horizontal" text="On-Going" secondary_icon="icons/16px/search" show_button_appearance="true" alignment="centre" appearance="switches/toggle/right/button" icon_enabled="false" secondary_icon_enabled="true" secondary_icon_alignment="left">
						<translation id="text" type="use" translation_id="254543" value="In Progress[COMMENT: scout assignments panel; scout is on his assigment]" />
					</widget>
				</container>

				<!--Player list table container-->
				<container id="rsTB">
					<layout class="arrange_vertical_attachment" alignment="bottom,extend" offset="0" gap="12" />

					<container>
						<layout class="stick_to_sides_attachment" alignment="horizontal" inset="0"/>
						<attachment_group class="vertical_arrange" vertical_alignment="top, extend" vertical_offset="0" vertical_gap="5"/>

						<container>
							<attachment_group class="horizontal_arrange_vertical_autosize" horizontal_alignment="right" horizontal_offset="0" horizontal_gap="2" vertical_offset="0"/>

							<widget class="view_menu_popup" id="plvi" auto_tick_exclusive="true" fixed="false" navigation_focus_target="true" embed_in_frame="false" height="30" auto_size="horizontal">
								<layout class="stick_to_sides_attachment" alignment="left" inset="0"/>
							</widget>

							<container>
								<attachment_group class="horizontal_arrange_autosize_all" horizontal_alignment="right, extend" horizontal_offset="0" horizontal_gap="2" vertical_offset="0"/>
								<layout class="stick_to_sides_attachment" alignment="right" inset="0"/>

								<widget class="text" id="intt" auto_size="horizontal" height="30" fixed="true" font="label" alignment="left, centre_y">
									<translation id="text" translation_id="451328" type="use" value="Interested In:[COMMENT: header string indicating what sort of transfer deal a player is interested in for MLS, either a normal deal or a DP/Designated Player (283628) deal]"/>
								</widget>

								<widget class="spacer" width="2" height="1"/>

								<widget class="check_box" id="trin" auto_size="horizontal" height="30" fixed="true" click_event="icbc">
									<translation id="text" translation_id="319501" type="use" value="Transfer[COMMENT: section header on Views menu to indicate that view will contain information pertaining to the person's transfer status]"/>
								</widget>

								<widget class="popup_button" id="trip" auto_size="horizontal" height="30" fixed="true" show_button_appearance="false" icon="icons/16px/settings" secondary_icon_enabled="false">
									<record id="primary_icon_properties" red_replacement="normal_icon"/>
								</widget>

								<widget class="spacer" width="6" height="1"/>

								<widget class="check_box" id="dpin" auto_size="horizontal" height="30" fixed="true" click_event="icbc">
									<translation id="text" translation_id="283628" type="use" value="DP[COMMENT - team screen; player status flag; Designated Player (the Beckham rule), short string]"/>
								</widget>

								<widget class="popup_button" id="dpip" auto_size="horizontal" height="30" fixed="true" show_button_appearance="false" icon="icons/16px/settings" secondary_icon_enabled="false">
									<record id="primary_icon_properties" red_replacement="normal_icon"/>
								</widget>

								<widget class="check_box" id="loin" auto_size="horizontal" height="30" fixed="true" click_event="icbc">
									<translation id="text" translation_id="330195" type="use" value="Loan[COMMENT: player transfer panel; indicates which club is interested in the person and what type of deal they're looking for]"/>
								</widget>

								<widget class="popup_button" id="loip" auto_size="horizontal" height="30" fixed="true" show_button_appearance="false" icon="icons/16px/settings" secondary_icon_enabled="false">
									<record id="primary_icon_properties" red_replacement="normal_icon"/>
								</widget>

								<widget class="spacer" width="2"/>
								<widget class="vertical_divider" height="31"/>
								<widget class="spacer" width="2"/>

								<widget class="primary_icon_button" id="news" auto_size="all" click_event="scdi" controller_button="y_button">
									<translation id="text" translation_id="229912" type="use" value="Filter"/>
								</widget>
							</container>
						</container>

						<!--No results yet text-->
						<widget class="text" id="noPL" alignment="centre_x,centre_y" hidden="true">
							<layout class="stick_to_sides_attachment" alignment="horizontal" inset="0" />

							<translation id="text" translation_id="561837" type="use" value="No players found yet.[COMMENT: AREA: Scouting; SUB-AREA: Recruitment Focus Section; FR-BN: FM-4023; NOTE: Fallback text shown, when recruitment focus hasn't foudn players yet]" />
						</widget>

						<container id="vwsT">
							<attachment_group class="vertical_arrange" vertical_alignment="top, extend" vertical_offset="0" vertical_gap="5"/>

							<!--Player list table -->
							<widget class="client_object_list_table" id="rstb" mode="fill_rows, stripe_rows, printable, keyboard, show_bullets, select_rows, select_multiple" select_event="ePLS" fixed_size_rows="true" auto_size_rows="false" fixed_row_height="30" navigation_container="true" default_focus="true" >
								<layout class="stick_to_sides_attachment" alignment="horizontal" inset="0" />

								<flags id="default_view" value="ovvw" />
								<flags id="default_sort_column" value="PRpo" />
								<boolean id="should_force_refresh" value="true"/>
								<boolean id="force_refresh_on_object_list" value="true"/>

								<string id="views_file" value="panels/person/recruitment focus views" />
							</widget>
						</container>
					</container>

					<widget class="horizontal_divider" height="2">
						<layout class="stick_to_sides_attachment" alignment="horizontal" inset="0" />
					</widget>

					<widget class="player_scouting_centre_actions_panel" file="player/player active focuses actions" id="acts" navigation_container="true" hidden="true">
						<layout class="stick_to_sides_attachment" alignment="right" inset="0" />
						<boolean id="save_immediate_state" value="true" />
					</widget>
				</container>
			</container>
		</container>
	</container>

</panel>