﻿<panel>
	<attachment_group class="vertical_arrange" vertical_alignment="top, extend" vertical_offset="0" horizontal_alignment="horizontal" vertical_gap="12" />

	<boolean id="should_force_refresh" value="true" />
	<boolean id="save_session_state" value="true" />
	<boolean id="save_immediate_state" value="true" />

	<record id="object_property">
		<integer id="get_property" value="objt" />
		<integer id="set_property" value="objt" />
	</record>

	<!--Focus title bar-->
	<container height="26">
		<attachment_group class="horizontal_arrange" horizontal_alignment="left, extend" horizontal_gap="12" />

		<widget class="picture" file="icons/26px/search" red_replacement="title" image_alignment="centre" keep_aspect_ratio="true" scale_picture="true" blue_replacement="black" width="16" height="16" />
		<widget class="text" font="title" size="large" alignment="left, centre_y" auto_size="horizontal">
			<translation id="text" translation_id="557619" type="use" value="Recommendations For: [COMMENT: AREA: Scouting; SUB-AREA: Recruitment Focus Section; FR-BN: FM-4270; NOTE: Header text for current recruitment focus]" />
		</widget>

		<widget class="picture" id="fcTI" file="icons/custom/icon box/focus" image_alignment="centre" keep_aspect_ratio="true" scale_picture="true" red_replacement="bg yellow lighter" blue_replacement="black" width="16" height="16" hidden="true" />
		<widget class="text" id="fcTT" font="title" size="large" colour="text" alignment="left, centre_y" auto_size="horizontal" />

		<widget class="vertical_subtle_divider" />

		<container id="asst" hidden="true">
			<attachment_group class="horizontal_arrange_autosize" horizontal_alignment="left, extend" />
			<attachment class="test_screen_size_attachment">
				<list id="properties">
					<record>
						<flags id="alignment" value="horizontal" />
						<integer id="min_value" value="0" />
						<integer id="max_value" value="1400" />
						<symbol id="set_property" value="hidden" />
					</record>
				</list>
			</attachment>

			<widget class="text" id="assT" colour="faded text" alignment="left, centre_y" auto_size="horizontal">
				<translation id="text" translation_id="557613" type="use" value="Assigned to:[COMMENT: AREA: Scouting; SUB-AREA: Active Recruitment Focuses Panel; FR-BN: FM-4038; NOTE: Subtitle showing which scout and which analyst the focus has been assigned to]" />
			</widget>

			<widget class="person_button" id="scas" size="medium" colour="text" info_popup_enabled="true" info_popup_alignment="left, centre_y" person_is_player="false" person_is_human="false" alignment="left, centre_y" auto_size="horizontal" />

			<widget class="text" colour="faded text" alignment="left, centre_y" auto_size="horizontal">
				<translation id="text" translation_id="282538" type="use" value="and[COMMENT: news_item; where_are_they_now_news; used to link two sentences together in a list e.g. person1 and person2]" />
			</widget>

			<widget class="person_button" id="anas" size="medium" colour="text" info_popup_enabled="true" info_popup_alignment="left, centre_y" person_is_player="false" person_is_human="false" alignment="left, centre_y" auto_size="horizontal" />
		</container>
	</container>

	<widget class="horizontal_divider" />

	<container navigation_container="true">
		<attachment_group class="horizontal_arrange" horizontal_layout="250, -2" horizontal_offset="0" horizontal_gap="0" vertical_alignment="vertical" vertical_inset="0" />

		<!--LHS container-->
		<container class="main_subtle_box" id="lhsc">
			<attachment_group class="vertical_arrange" vertical_alignment="top, extend" horizontal_inset="0" horizontal_gap="0" />

			<widget class="primary_icon_button" id="cfBT" click_event="scfC" size="medium" alignment="left, centre_y" auto_size="all" navigation_focus_target="true">
				<record id="primary_icon_properties" file="icons/16px/recruitment focus" red_replacement="primary_button" blue_replacement="text" />
				<translation id="text" translation_id="557608" type="use" value="Create Recruitment Focus[COMMENT: AREA: Scouting; SUB-AREA: Recruitment Focus Section; FR-BN: FM-4023; NOTE: Text on the button, which opens the create recruitment focus dialog]" />
			</widget>

			<widget class="spacer" height="4" />

			<widget class="horizontal_subtle_divider">
				<layout class="stick_to_sides_attachment" alignment="horizontal" inset="0" />
			</widget>

			<widget class="tab_strip" id="fTBS" select_event="eACT" appearance="tabs/subsection" height="28" width="250">
				<list id="items">
					<record id="a_button">
						<translation id="text" translation_id="557609" type="use" value="Active[COMMENT: AREA: Scouting; SUB-AREA: Recruitment Focus Section; FR-BN: FM-4023; NOTE: Title of tab, showing the active recruitment focuses that the team has]" />
						<string id="font" value="title" />
					</record>
					<record id="b_button">
						<translation id="text" translation_id="310338" type="use" value="Completed[COMMENT: board request status; the board request has been completed]" />
						<string id="font" value="title" />
					</record>
				</list>
				<string id="selection" value="0" />
			</widget>

			<container class="inner_subtle_box_no_margin">
				<layout class="stick_to_sides_attachment" alignment="horizontal" inset="0" />
				<layout class="stick_to_sides_attachment" alignment="all" inset="0" apply_to_children="true" />

				<container>
					<layout class="stick_to_sides_attachment" alignment="all" inset="6" apply_to_children="true" />

					<widget class="text" id="noAF" alignment="centre" colour="faded text" hidden="true">
						<translation id="text" translation_id="557610" type="use" value="No active Recruitment Focuses to show.[COMMENT: AREA: Scouting; SUB-AREA: Recruitment Focus Section; FR-BN: FM-4023; NOTE: Fallback text shown on the active-focuses-table, when no active focuses have been created]" />
					</widget>

					<widget class="text" id="noCF" alignment="centre" colour="faded text" hidden="true">
						<translation id="text" translation_id="557611" type="use" value="No completed Recruitment Focuses to show.[COMMENT: AREA: Scouting; SUB-AREA: Recruitment Focus Section; FR-BN: FM-4023; NOTE: Fallback text shown on the active-focuses-table, when no active focuses have been created]" />
					</widget>

					<!--Active Focuses Table-->
					<container class="table" id="cftB" layout="-1" mode="stripe_rows, select_rows, dont_allow_empty_selection" auto_size_rows="true" fixed_size_rows="false" row_spacing="8">
						<record id="select_event">
							<string id="event_id" value="eSFR" />
							<integer id="type" value="0" />
						</record>

						<list id="column_table_properties">
							<record index="0" id="fcsC" sort_disabled="true" />
						</list>

						<list id="column_widget_properties">
							<record index="0" file="human/recruitment focus recruitment meeting widget" alignment="centre_y, left" />
						</list>
					</container>

					<!--Completed Focuses Table-->
					<container class="table" id="cmpB" layout="-1" mode="stripe_rows, select_rows, dont_allow_empty_selection" auto_size_rows="true" fixed_size_rows="false" row_spacing="8" hidden="true">
						<record id="select_event">
							<string id="event_id" value="eSFR" />
							<integer id="type" value="1" />
						</record>

						<list id="column_table_properties">
							<record index="0" id="fcSC" sort_disabled="true" />
						</list>

						<list id="column_widget_properties">
							<record index="0" file="human/recruitment focus recruitment meeting widget" alignment="centre_y, left" />
						</list>
					</container>
				</container>
			</container>

		</container>

		<!--RHS Container-->
		<container>
			<layout class="stick_to_sides_attachment" alignment="all" inset="0" apply_to_children="true" />

			<!--No focus selected text-->
			<widget class="text" id="noFC" colour="faded text" alignment="centre">
				<translation id="text" translation_id="557612" type="use" value="Select an active or completed focus to view all players that match that criteria.[COMMENT: AREA: Scouting; SUB-AREA: Recruitment Focus Section; FR-BN: FM-4023; NOTE: Fallback text shown, when no focus is selected from the list of active or completed focuses]" />
			</widget>

			<!--Focus info container-->
			<container id="hsFC" hidden="true">
				<attachment_group class="vertical_arrange" vertical_layout="30, -1" vertical_offset="5" vertical_gap="15" horizontal_inset="10" horizontal_gap="0" />

				<!--Tab buttons-->
				<container id="tbbt">
					<attachment_group class="horizontal_arrange" horizontal_alignment="left" vertical_inset="0" horizontal_offset="0" horizontal_gap="6" />

					<widget class="radio_button" id="recB" select_event="eREC" auto_size="horizontal" secondary_icon="icons/16px/subscribed" show_button_appearance="true" alignment="centre" appearance="switches/store toggle/normal/button" colour="fg" red_replacement="bg" blue_replacement="bg" green_replacement="bg accent" icon_enabled="false" secondary_icon_enabled="true" secondary_icon_alignment="left" selected="true">
						<translation id="text" translation_id="554343" type="use" value="Recommendations[COMMENT: AREA: Scouting; SUB-AREA: Active Recruitment Focuses Panel; FR-BN: FM-4038; NOTE: Tab title of table w/ players recommended as part of recruitment focus]" />
					</widget>

					<widget class="radio_button" id="neaB" select_event="eNMA" auto_size="horizontal" text="Near Matches" secondary_icon="icons/16px/not subscribed" show_button_appearance="true" alignment="centre" appearance="switches/store toggle/normal/button" colour="fg" red_replacement="bg" blue_replacement="bg" green_replacement="bg accent" icon_enabled="false" secondary_icon_enabled="true" secondary_icon_alignment="left">
						<translation id="text" translation_id="557620" type="use" value="Close Matches[COMMENT: AREA: Scouting; SUB-AREA: Active Recruitment Focuses Panel; FR-BN: FM-4038; NOTE: Tab title of table w/ players that do not match all the criteria of the recruitment focus, but are close]" />
					</widget>

					<widget class="radio_button" id="ongB" select_event="eONG" auto_size="horizontal" text="On-Going" secondary_icon="icons/16px/search" show_button_appearance="true" alignment="centre" appearance="switches/store toggle/normal/button" colour="fg" red_replacement="bg" blue_replacement="bg" green_replacement="bg accent" icon_enabled="false" secondary_icon_enabled="true" secondary_icon_alignment="left">
						<translation id="text" type="use" translation_id="254543" value="In Progress[COMMENT: scout assignments panel; scout is on his assigment]" />
					</widget>
				</container>

				<!--Player list table container-->
				<container id="rsTB">
					<layout class="arrange_vertical_attachment" alignment="bottom, extend" offset="0" gap="12" />

					<!--No results yet text-->
					<widget class="text" id="noPL" alignment="centre_x,centre_y" hidden="true">
						<layout class="stick_to_sides_attachment" alignment="horizontal" inset="0" />

						<translation id="text" translation_id="557618" type="use" value="No players found yet. Check in again in a few days.[COMMENT: AREA: Scouting; SUB-AREA: Recruitment Focus Section; FR-BN: FM-4023; NOTE: Fallback text shown, when recruitment focus hasn't foudn players yet]" />
					</widget>

					<!--Player list table -->
					<widget class="client_object_list_table" id="rstb" mode="fill_rows, stripe_rows, printable, keyboard, show_bullets, select_rows, select_multiple" select_event="ePLS" fixed_size_rows="true" auto_size_rows="false" fixed_row_height="30" navigation_container="true" default_focus="true">
						<layout class="stick_to_sides_attachment" alignment="horizontal" inset="0" />

						<flags id="default_sort_column" value="PsRK" />
						
						<list id="views">
							<record id="ovvw">
								<record id="view_table_properties">
									<integer id="row_height" value="60" />
								</record>
								<translation id="name" translation_id="247414" type="use" value="Overview" />
								<record id="view">
									<record id="PSpi" auto_hide_priority="4" />
									<!-- player status/info -->
									<record id="PNaN" auto_hide_priority="1" minimum_width="120" />
									<!-- player name/nationality -->
									<record id="PCaD" auto_hide_priority="9" />
									<!-- club -->
											<!-- age -->
										<flags id="Pcab" width="100"/>
										<!-- currant ability -->
										<flags id="Ppab"/>
									<record id="PSag" auto_hide_priority="9" />
									<!-- age -->
									<record id="Pdva" auto_hide_priority="9" />
									<!-- value -->
									<record id="Pcww" auto_hide_priority="11" />
									<!-- weekly wage -->
									<record id="PsRK" auto_hide_priority="3" minimum_width="70" width="70" />
									<!-- recommended -->
									<record id="PsKL" auto_hide_priority="9" />
									<!-- knowledge -->
								</record>
							</record>
						</list>
					</widget>

					<widget class="horizontal_divider" height="2">
						<layout class="stick_to_sides_attachment" alignment="horizontal" inset="0" />
					</widget>

					<widget class="player_scouting_centre_actions_panel" file="player/player active focuses actions" id="acts" navigation_container="true" hidden="true">
						<layout class="stick_to_sides_attachment" alignment="right" inset="0" />
						<boolean id="save_immediate_state" value="true" />
					</widget>
				</container>
			</container>
		</container>
	</container>
</panel>