﻿	<panel>
	<attachment_group class="vertical_arrange" vertical_alignment="top,extend" vertical_offset="0" horizontal_alignment="horizontal" horizontal_inset="0" vertical_gap="8"/>

	<boolean id="should_force_refresh" value="true"/>
	<integer id="default_player_list_table" value="2"/>

	<widget class="scouting_top_panel" id="stop">
		<list id="visible_items">
			<flags value="trwd"/>
			<flags value="scpc"/>
			<flags value="scbc"/>
			<flags value="trbc"/>
			<flags value="assc"/>
		</list>
	</widget>

	<container>
		<attachment_group class="horizontal_arrange" horizontal_layout="-1,-3" horizontal_offset="0" horizontal_gap="8" vertical_alignment="vertical" vertical_inset="0"/>
<!--LHS container-->
		<container class="tcs_box" id="lhsc">
		<attachment_group class="vertical_arrange" vertical_alignment="bottom,extend" />
		
		<container>
			<attachment_group class="vertical_arrange_horizontal_centre" vertical_alignment="top,extend" vertical_offset="2" vertical_gap="8" horizontal_inset="10" horizontal_gap="0" />

			<widget class="primary_icon_button" id="cfBT" auto_size="horizontal" alignment="centre_y, centre_x" height="30" click_event="scfC" navigation_focus_target="true">
				<record id="primary_icon_properties" file="icons/custom/scouting/target" red_replacement="primary_button" blue_replacement="accent button text" />

				<translation id="text" translation_id="557608" type="use" value="Create Recruitment Focus[COMMENT: AREA: Scouting; SUB-AREA: Recruitment Focus Section; FR-BN: FM-4023; NOTE: Text on the button, which opens the create recruitment focus dialog]" />
			</widget>

			<widget class="horizontal_subtle_divider" red_replacement="fg">
				<layout class="stick_to_sides_attachment" alignment="horizontal" inset="0" />
			</widget>

			<widget class="tab_strip" id="fTBS" appearance="tabs/subsection" height="32" auto_size="horizontal">
				<string id="select_event" value="eACT" />
				<list id="items">
					<record id="a_button">
						<translation id="text" translation_id="557609" type="use" value="Active[COMMENT: AREA: Scouting; SUB-AREA: Recruitment Focus Section; FR-BN: FM-4023; NOTE: Title of tab, showing the active recruitment focuses that the team has]" />
						<string id="font" value="title" />
						<string id="icon" value="icons/16px/active" />
					</record>
					<record id="b_button">
						<translation id="text" translation_id="310338" type="use" value="Completed[COMMENT: board request status; the board request has been completed]" />
						<string id="font" value="title" />
					</record>
				</list>
				<string id="selection" value="0" />
			</widget>

			<widget class="info_icon_hint_text" id="scCW" height="30" width="180" colour="negative" size="large" hidden="true">
				<translation id="text" translation_id="562309" type="use" value="Scouting team at capacity[COMMENT: AREA: Scouting; SUB-AREA: Active Recruitment Focuses; FR-BN: FM-12688; NOTE: Warning string shown, when too many focuses have been created for the scouting staff]" />
				<record id="info_popup_hint">
					<translation id="text" translation_id="562310" type="use" value="There aren't enough staff members to work on these recruitment focuses, so results will take longer to return.[COMMENT: AREA: Scouting; SUB-AREA: Active Recruitment Focuses; FR-BN: FM-12688; NOTE: Hint to the warning string shown, when too many focuses have been created for the scouting staff]" />
				</record>
			</widget>

			<container class="inner_box_no_margin">
				<layout class="stick_to_sides_attachment" alignment="horizontal" inset="0" />
				<layout class="stick_to_sides_attachment" alignment="all" inset="0" apply_to_children="true" />

				<container>
					<layout class="stick_to_sides_attachment" alignment="all" apply_to_children="true" />

					<widget class="text" id="noAF" alignment="centre_x,centre_y" colour="faded text" hidden="true">
						<translation id="text" translation_id="557610" type="use" value="No active Recruitment Focuses to show.[COMMENT: AREA: Scouting; SUB-AREA: Recruitment Focus Section; FR-BN: FM-4023; NOTE: Fallback text shown on the active-focuses-table, when no active focuses have been created]" />
					</widget>

					<widget class="text" id="noCF" alignment="centre_x,centre_y" colour="faded text" hidden="true">
						<translation id="text" translation_id="557611" type="use" value="No completed Recruitment Focuses to show.[COMMENT: AREA: Scouting; SUB-AREA: Recruitment Focus Section; FR-BN: FM-4023; NOTE: Fallback text shown on the active-focuses-table, when no active focuses have been created]" />
					</widget>

					<!--Active Focuses Table-->
					<container class="table" id="cftB" layout="-1" mode="stripe_rows, select_rows">
						<string id="auto_size_rows" value="false" />
						<string id="fixed_size_rows" value="true" />
						<integer id="row_height" value="32" />
						<integer id="row_spacing" value="8" />
						<record id="select_event">
							<string id="event_id" value="eSFR" />
							<integer id="type" value="0" />
						</record>

						<list id="column_table_properties">
							<record id="fcsC">
								<integer id="index" value="0" />
								<string id="sort_disabled" value="true" />
								<integer id="left" value="0" />
								<integer id="top" value="0" />
								<integer id="right" value="0" />
								<integer id="bottom" value="0" />
							</record>
						</list>

						<list id="column_widget_properties">
							<record alignment="centre_y,left" auto_size_minimum_height="35">
								<integer id="index" value="0" />
							</record>
						</list>
					</container>

					<!--Completed Focuses Table-->
					<container class="table" id="cmpB" layout="-1" mode="stripe_rows, select_rows" hidden="true">
						<string id="auto_size_rows" value="false" />
						<string id="fixed_size_rows" value="true" />
						<integer id="row_height" value="32" />
						<integer id="row_spacing" value="8" />
						<record id="select_event">
							<string id="event_id" value="eSFR" />
							<integer id="type" value="1" />
						</record>

						<list id="column_table_properties">
							<record id="fcSC">
								<integer id="index" value="0" />
								<string id="sort_disabled" value="true" />
								<integer id="left" value="0" />
								<integer id="top" value="0" />
								<integer id="right" value="0" />
								<integer id="bottom" value="0" />
							</record>
						</list>

						<list id="column_widget_properties">
							<record alignment="centre_y,left" auto_size_minimum_height="35">
								<integer id="index" value="0" />
							</record>
						</list>
					</container>
				</container>
			</container>
		</container>

	<!--Scouting Coverage Container-->
			<container height="300">
				<layout class="stick_to_sides_attachment" alignment="horizontal" inset="0" />
				<attachment_group class="vertical_arrange" vertical_alignment="top,extend" vertical_offset="6" horizontal_inset="6" />

				<widget class="link_button" id="tknL" auto_size="all" appearance="buttons/link/title/button">
					<string id="section" value="tkno" />
					<translation id="text" translation_id="557615" type="use" value="Scouting Coverage[COMMENT: AREA: Scouting; SUB-AREA: Scouting Coverage; FR-BN: FM-4038; NOTE: section title for the new Scouting Coverage area, which merges Scout Assignments and Knowledge]" />
				</widget>

				<container>
				<attachment_group class="horizontal_arrange_vertical_autosize" horizontal_alignment="left,extend" vertical_inset="0" horizontal_offset="0" />
				<widget class="icon_button" id="mlib" auto_size="all" show_button_appearance="false" file="icons/16px/circle" size="large" colour="faded text">
					<flags id="icon_colour" value="currently scouting" />
					<translation id="text" translation_id="557631" type="use" value="Currently Scouting[COMMENT: AREA: Scouting; SUB-AREA: Scouting Coverage; FR-BN: FM-4076; NOTE: the map legend]" />
				</widget>				
				</container>

				<container class="team_scouting_knowledge_map" id="map " disabled_colour="0.1" />
				</container>

		</container>

		<!--RHS Container-->
		<container class="tcs_box">
			<attachment_group class="vertical_arrange" vertical_alignment="top, extend" vertical_offset="0" horizontal_inset="0" vertical_gap="5"/>
			
			<widget class="link_button" id="rcLB" auto_size="all" appearance="buttons/link/title/button" alignment="left, centre_y">
				<string id="section" value="tssc"/>
				<translation id="text" translation_id="557709" type="use" value="Scouting Recommendations[COMMENT: AREA: Scouting; SUB-AREA: Scouting Overview; FR-BN: FM-4003; NOTE: Text on button, linking to Recruitment Focus section]"/>
			</widget>

			<container id="recs">
				<attachment_group class="vertical_arrange_autosize" vertical_alignment="top" vertical_offset="4" horizontal_inset="0" vertical_gap="0"/>
				
				<container id="rcSB">
					<attachment_group class="vertical_arrange_autosize" vertical_alignment="top" vertical_offset="0" vertical_gap="4" horizontal_inset="0"/>
					<!--widgets will be added here in code-->
				</container>
			</container>

			<container id="rcCN">
				<layout class="stick_to_sides_attachment" alignment="all" inset="0" apply_to_children="true"/>

				<!--Focus info container-->
				<container id="hsFC">
					<attachment_group class="vertical_arrange" vertical_alignment="top, extend" vertical_offset="10" vertical_gap="15" horizontal_inset="10" horizontal_gap="0"/>

					<!--Player list table container-->
					<container id="rsTB">
						<attachment_group class="vertical_arrange" vertical_alignment="bottom,extend" horizontal_inset="0" vertical_offset="0" vertical_gap="12"/>
					
						<!--Player list table -->
						<widget class="client_object_list_table" id="scet" mode="fill_rows, stripe_rows, printable, keyboard, show_bullets, select_rows, select_multiple" select_event="ePLS" fixed_size_rows="true" auto_size_rows="false" fixed_row_height="30" navigation_container="true" default_focus="true">
							<list id="views">
								<record id="ovvw">
									<record id="view_table_properties">
										<integer id="row_height" value="60"/>
									</record>
									<translation id="name" translation_id="247414" type="use" value="Overview"/>
									<record id="view">
										<record id="PSpi" auto_hide_priority="4"/>
										<!-- player status/info -->
										<record id="PFrM" auto_hide_priority="2">
											<global id="hidden" name="is_fmt"/>
										</record>						
										<record id="port" auto_hide_priority="2">
											<global id="hidden" name="is_fmt"/>
										</record>
										
										<!-- rf matches -->
										<record id="PNaC" auto_hide_priority="1" minimum_width="120"/>
										
										<!-- age -->
										<flags id="Pcab" width="100"/>
										<!-- currant ability -->
										<flags id="Ppab"/>
										<!-- player name/club -->
										<record id="PpsP" auto_hide_priority="2" width="110"/>
										<!-- person position-->
										<record id="PSag" auto_hide_priority="9"/>
										<!-- age -->
										<record id="PSCc" auto_hide_priority="2" minimum_width="120"/>
										<!-- category-->
										<record id="Pdva" auto_hide_priority="9"/>
										<!-- value -->
										<record id="PRpo" auto_hide_priority="3" minimum_width="70"/>
										<!-- recommended changed id from PsRK to PRpo -->
										<record id="PsKL" auto_hide_priority="9" minimum_width="150"/>
										<!-- knowledge -->
									</record>
								</record>
							</list>
						</widget>

						<widget class="horizontal_divider" height="2"/>

						<widget class="player_scouting_centre_actions_panel" file="player/player scouting card actions" id="acts" navigation_container="true" hidden="true">
							<layout class="centre_in_parent_attachment" alignment="horizontal"/>
							<boolean id="save_immediate_state" value="true"/>
						</widget>
					</container>
				</container>
			
			</container>

			<!--No recommendations text-->
			<container id="nsec" hidden="true" height="60">
				<layout class="arrange_vertical_attachment" alignment="middle" offset="0" gap="2"/>
				<layout class="stick_to_sides_attachment" alignment="horizontal" inset="0" apply_to_children="true"/>

				<widget class="text" auto_size="vertical" alignment="centre" style="semi_bold" size="large">
					<translation id="text" translation_id="443663" type="use" value="No recommendations[COMMENT: FR 21760, no recommendations are made by the scouting team]"/>
				</widget>
				<widget class="manager_text" colour="faded text" auto_size="vertical" alignment="centre">
					<translation id="text" translation_id="450793" type="use" value="[%person#1-Your] scouting team is working hard to bring [%person#1-you] more recommendations of this type soon.[COMMENT: FR 21760, 'status pending' sort of string indicating that the scouting team are at work]"/>
				</widget>
			</container>

			<!--No recruitment staff text-->
			<container id="nosc" hidden="true" height="60">
				<layout class="arrange_vertical_attachment" alignment="middle" offset="0" gap="2"/>
				<layout class="stick_to_sides_attachment" alignment="horizontal" inset="0" apply_to_children="true"/>

				<widget class="text" auto_size="vertical" alignment="centre" style="semi_bold" size="large">
					<translation id="text" translation_id="443663" type="use" value="No recommendations[COMMENT: FR 21760, no recommendations are made by the scouting team]"/>
				</widget>
				<widget class="text" colour="faded text" auto_size="vertical" alignment="centre">
					<translation id="text" translation_id="447500" type="use" value="There are currently no recruitment staff employed by the club. Therefore, reports cannot be provided.[COMMENT: club scouting assignments; explanatory text for situations where a club has no scouts]"/>
				</widget>
			</container>
			
		</container>
	</container>

</panel>