<container>
	<layout class="stick_to_sides_attachment" apply_to_children="true" inset="-20"/>

	<!-- STADIUM PIC -->
	<widget class="client_object_viewer_xml_panel" file="club/tcs/fm24/overview/stadium/picture">
		<record id="object_property" get_property="objt" set_property="objt"/>
	</widget>

	<container class="tcs_box" appearance="tcs/backgrounds/overlay/100" transparency="0.60" rrep="bg"/>

	<widget class="match_info_panel" id="bmin" file="file">
		<record id="object_property" get_property="objt" set_property="objt"/>
		<layout class="horizontal_arrange" horizontal_layout="-1,24,-1"/>

		<!--  home incidents panel -->
		<widget class="home_match_incidents_panel" id="hmip" small_version="false" file="none">
			<layout class="stick_to_sides_attachment" apply_to_children="true"/>
			<widget class="kit_picture" id="teKP" scale_picture="true" keep_aspect_ratio="true" image_alignment="right">
				<layout class="stick_to_sides_attachment" inset="36,8,8,8"/>
			</widget>
		</widget>

		<widget class="text" alignment="centre" style="bold">
			<translation id="text" type="use" value="V"/>
		</widget>

		<!--  home incidents panel -->
		<widget class="away_match_incidents_panel" id="amip" small_version="false" file="none">
			<layout class="stick_to_sides_attachment" apply_to_children="true"/>
			<widget class="kit_picture" id="teKP" scale_picture="true" keep_aspect_ratio="true" image_alignment="right">
				<layout class="stick_to_sides_attachment" inset="36,8,8,8"/>
			</widget>
		</widget>
	</widget>
</container>