<!-- THIS IS THE PANEL THAT SHOWS ON THE KEY STAFF PANEL ON THE CLUB OVERVIEW PANEL -->
<panel>
    <layout class="stick_to_sides_attachment" alignment="all" inset="0" apply_to_children="true"/>

    <!-- IF WE DO HAVE THE CONTENT -->
    <container>
        <layout class="horizontal_arrange" horizontal_layout="-390,-350,-380" horizontal_gap="16" />

        <!-- CONTAINER HOLDING KIT AND PLAER PIC -->
        <container>
            <attachment_group class="horizontal_arrange" horizontal_gap="-125"/>

            <container width="160">
                <layout class="stick_to_sides_attachment" apply_to_children="true"/>

                <widget id="bak1" class="kit_icon" image_alignment="left" width="250" kit_zoom_level="3" priority="1" late_loading="true" >
                    <record id="object_property" get_property="Pers" set_property="objt"/>
                </widget>
            </container>

            <!-- PLAYER FACE -->
            <container width="180">
                <layout class="stick_to_sides_attachment" apply_to_children="true"/>
                <widget class="object_portrait_picture" id="face" width="180" image_alignment="centre_x,bottom" scale_picture="true" keep_aspect_ratio="true" >
                    <record id="object_property" get_property="objt"/>
                </widget>
            </container>
        </container>

        <!-- LEFT SIDE - PLAYER FACE AND PLAYER INFO -->
        <container>
            <attachment_group class="horizontal_arrange" horizontal_alignment="left,extend" horizontal_gap="16"/>

            <!-- INFO -->
            <container>
                <layout class="stick_to_sides_attachment" alignment="all" inset="0" apply_to_children="true" />

                <!-- IF WE HAVE INFO -->
                <container id="info">
                    <attachment_group class="vertical_arrange" vertical_alignment="fill" vertical_gap="-8"/>

                    <!-- DEFAULT PROPERTIES SO WE DON'T  HAVE TO DEFINE THE SAME CODE EVERY TIME -->
                    <record id="default_properties" alignment="left" auto_size="vertical"/>

                    <!-- LABEL -->
                    <widget class="label" font="title" alignment="left">
                        <translation id="text" translation_id="320614" type="use" />
                    </widget>

                    <!-- NAME -->
                    <widget class="person_button" style="semi_bold" alignment="left,centre_y" info_popup_enabled="true" person_is_player="true" colour="fg">
                        <record id="object_property" get_property="Pers" set_property="valu" />
                    </widget>

                    <!-- NATIONALITY -->
                    <widget class="person_nationality_button" id="natM" colour="faded text" icon_enabled="true" alignment="left,centre_y" icon_alignment="left"  display_format="3">
                        <record id="object_property">
                            <integer id="get_property" value="objt"/>
                            <integer id="set_property" value="objt"/>
                        </record>
                    </widget>

                    <!-- POSITION -->
                    <widget class="position_label" id="Ppos" >
                        <record id="object_property">
                            <integer id="get_property" value="PpsC" />
                        </record>
                    </widget> 

                    <!-- AGE -->
                    <widget class="age_label" id="Page" >
                        <translation id="format" translation_id="242551" type="use" value="[%number#1] years old" />
                        <record id="object_property">
                            <integer id="get_property" value="NPag" />
                        </record>
                    </widget> 
                </container>
            </container>
        </container>

        <!-- INFO -->
        <container>
            <layout class="stick_to_sides_attachment" alignment="all" inset="0" apply_to_children="true" />

            <!-- IF WE HAVE INFO -->
            <container id="info">
                <attachment_group class="vertical_arrange" vertical_alignment="fill" vertical_gap="4"/>

                <!-- DEFAULT PROPERTIES SO WE DON'T  HAVE TO DEFINE THE SAME CODE EVERY TIME -->
                <record id="default_properties" alignment="left" auto_size="vertical" />

                <container />

                <!-- VALUE -->
                <widget class="editable_client_object_property_panel" id="valu" auto_size="all" font="bold" colour="text" alignment="left, centre">
                    <translation id="format" translation_id="383826" type="use" value="Valued at [%cash#1-roundsmall-short][COMMENT: FR 10661; player overview; string diaplyed a player's estimated monetary value]" />
                    <record id="widget_properties" auto_size="all"/>
                    <record id="object_property" get_property="Pdva" dont_set_hint="true" />
                </widget>

                <!-- NATIONALITY -->
                <widget class="wage_label" id="pcww" >
                    <record id="object_property">
                        <integer id="get_property" value="Pcww" />
                    </record>
                </widget>

                <!-- POSITION -->
                <widget class="global_reputation_stars_label" id="prsa" alignment="centre_y">
                    <record id="object_property">
                        <integer id="get_property" value="Prsa" />
                    </record>
                </widget> 
            </container>
        </container>

    </container>

    <!-- IF WE DON'T HAVE INFO -->
    <widget class="label" id="nofo" alignment="centre_x,centre_y">
        <translation id="text" translation_id="320493" type="use" value="None currently[COMMENT: text indicating that there is no person to view here currently (e.g. a manager, captain, vice captain etc.)]" />
    </widget>

</panel>