<panel>
	<layout class="stick_to_sides_attachment" alignment="all" apply_to_children="true" inset="0"/>

	<!-- IMPORTANT Need to keep this synced up with number of panels or we won't fill them all, we use this to minimise the amount of data the panel needs to request -->
	<integer id="number_of_stories_to_request" value="100"/>
	<boolean id="show_daily_news_request" value="true"/>
	<boolean id="show_related_news" value="true"/>
	<boolean id="save_session_state" value="true"/>

	<!-- Note that the id is important so that the league selector panels have their popups display correctly -->
	<container class="horizontal_adaptive_container" id="Pnlf" inset="0" offset="0">
		<global id="gap" name="ui.main_box_gap"/>

		<container default_width="-1" minimum_width="675" priority="1">
			<layout class="stick_to_sides_attachment" apply_to_children="true"/>
		
			<container>
				<layout class="vertical_arrange" vertical_layout="42,52,-1" vertical_gap="0"/>
			
				<container class="main_box" appearance="tcs/boxes/news/top/paper" rrep="browser header"/>
				<container class="main_box" appearance="tcs/boxes/news/middle/paper" rrep="browser url bar"/>

			</container>
		
			<container class="browser_tabs" save_session_state="true" default_item="athT">
		
				<widget class="client_object_viewer_xml_panel" id="athT" file="competition/tcs/website/athletcs/base" icon="icons/16px/whistle">
					<translation id="title" value="Athletcs" type="use"/>
					<record id="object_property" get_property="objt" set_property="objt"/>
				</widget>

				<!-- <widget class="client_object_viewer_xml_panel" id="QQQQ" file="competition/tcs/website/fotmob/base"  icon="tcs/boxes/news/favicon/fm" icon_colour="fg">
					<translation id="title" value="Football Manager" type="use"/>
					<record id="object_property" get_property="objt" set_property="objt"/>
				</widget> -->

				<widget class="client_object_viewer_xml_panel" id="WTSG" file="competition/tcs/website/wts/base"  icon="icons/16px/youtube" icon_colour="fg">
					<translation id="title" value="WorkTheSpace Guides" type="use"/>
					<record id="object_property" get_property="objt" set_property="objt"/>
				</widget>
			</container>
		
			<container/>
	
		</container>

		<container id="sid2" minimum_width="340" priority="3">
			<layout class="stick_to_sides_attachment" alignment="all" apply_to_children="true" inset="0"/>

			<container class="main_box" navigation_container="true">
				<layout class="stick_to_sides_attachment" alignment="all" apply_to_children="true" inset="0"/>
				<translation id="title" translation_id="395260" type="use" value="Leagues in Focus[COMMENT: FR 11005; title for panel showing overview of leagues from across the game]"/>

				<container class="vertical_adaptive_container" id="ocmp" inset="0" offset="0" mode="distribute_equally" draw_horizontal_dividers="true">
					<global id="gap" name="ui.main_box_gap"/>
					<record id="default_properties" news="false" minimum_height="250"/>

					<container class="competition_news_league_overview_selector_panel" id="lif1" index="0" priority="1" navigation_container="true"/>
					<container class="competition_news_league_overview_selector_panel" id="lif2" index="1" priority="2" navigation_container="true"/>
					<container class="competition_news_league_overview_selector_panel" id="lif3" index="2" priority="3" navigation_container="true"/>
					<container class="competition_news_league_overview_selector_panel" id="lif4" index="3" priority="4" navigation_container="true"/>
				</container>

				<widget class="competition_stage_panel" file="none" id="cosg">
					<boolean id="overview_version" value="true"/>
					<layout class="stick_to_sides_attachment" alignment="all" apply_to_children="true" inset="0"/>

					<container id="stse">
						<!-- bottom row of the stage panel is used to store cup draw buttons -->
						<layout class="arrange_vertical_attachment" alignment="bottom, extend" offset="0"/>
						<layout class="stick_to_sides_attachment" alignment="horizontal" apply_to_children="true" inset="0"/>

						<!-- No game panel-->
						<container id="nots" hidden="true">
							<layout class="arrange_vertical_attachment" alignment="top" offset="0" gap="0"/>
							<layout class="stick_to_sides_attachment" alignment="horizontal" apply_to_children="true"/>
							<layout class="stick_to_sides_attachment" alignment="all" inset="0"/>

							<widget class="spacer" height="10"/>
							<widget class="text" id="nost" alignment="centre" spec="text" size="large" style="semi_bold, embossed" auto_size="vertical"/>
						</container>

						<!-- group box for stage to go into -->
						<container id="stgb">
							<layout class="arrange_vertical_attachment" alignment="top, extend" offset="0"/>
							<layout class="stick_to_sides_attachment" alignment="horizontal" apply_to_children="true" inset="0"/>

							<!--league stage panel-->
							<widget class="league_stage_panel" id="lspn" hidden="true" view="oovr" league_table_heading_length="0"/>
							<!--cup stage_panel-->
							<widget class="cup_stage_panel" file="competition/cup overview stage" id="cstp" hidden="true" save_session_state="true"/>
							<!--group stage scrolling box (to be filled in code)-->
							<widget class="scrolling_box" id="gscb" hidden="true" save_session_state="true"/>
						</container>

						<container>
							<attachment_group class="vertical_arrange_autosize" vertical_offset="0" horizontal_inset="0"/>

							<!-- The exceptions so point deductions in the league etc-->
							<widget class="table" layout="-1" id="exta" auto_size="vertical" row_height="15" hidden="true" mode="fill_rows"/>
						</container>
					</container>
				</widget>
			</container>
		</container>
	</container>
</panel>