﻿<!-- image properties -->
<properties>

	<!-- image borders -->
	<!-- these determine how many pixels any content is inset from each side of the image -->
	<!-- (for example, in the case of a button, the content would be the text label) -->
	<record id="image_borders" left="5" right="5" top="5" bottom="5"/>

	<!-- image slices determine the points at which the image will be sliced to enable scaling -->
	<!-- the image will only slice in the directions slicing values are provided for-->
	<record id="image_slices" left="15" right="15"/>

	<colour id="red_replacement" name="bg"/>
	<colour id="green_replacement" name="fg"/>
	<colour id="blue_replacement" name="primary"/>

	<record id="primary_icon_properties" red_replacement="text" />
	<record id="secondary_icon_properties" red_replacement="text"/>

	<symbol id="focus_appearance" value="chrome/buttons/date/button_controller" />


	
</properties>
